Date,Region,Category,Traffic,Marketing_Spend,Discount_Rate,Is_Weekend,Is_Holiday,Weather_Index,Competitor_Action,Customer_Rating,Revenue
2023-01-01,华东,美妆个护,6076,5173.81,0.69,1,0,0.72,降价阻击,4.9,126825.61
2023-01-01,华东,美妆个护,5931,5968.16,0.65,1,0,0.89,常规促销,3.6,186973.6
2023-01-01,华北,服装服饰,5464,1051.5,0.76,1,0,0.29,无动作,4.3,26711.73
2023-01-01,华北,美妆个护,3738,4627.44,0.89,1,0,0.48,常规促销,4.1,59539.77
2023-01-01,华北,3C数码,2981,1262.7,0.93,1,0,0.9,常规促销,4.4,148853.15
2023-01-01,华北,服装服饰,5973,4984.61,0.75,1,0,0.36,无动作,4.7,50625.98
2023-01-01,华南,服装服饰,4095,7445.4,0.82,1,0,0.26,无动作,3.9,33289.69
2023-01-02,华东,服装服饰,2729,7778.93,0.8,0,0,0.83,无动作,4.3,69930.36
2023-01-02,华东,3C数码,3372,4783.87,0.79,0,0,0.87,常规促销,4.6,173426.74
2023-01-02,华东,3C数码,1054,4207.43,0.73,0,0,0.33,常规促销,3.7,19390.32
2023-01-03,西南,服装服饰,1777,7615.12,0.7,0,0,0.88,无动作,4.7,46149.14
2023-01-04,华南,食品饮料,4039,5715.27,0.72,0,0,0.75,无动作,4.4,44712.68
2023-01-04,华南,服装服饰,1041,1454.29,0.67,0,0,0.62,无动作,4.9,11593.35
2023-01-04,华南,服装服饰,2320,4260.08,0.72,0,0,0.86,无动作,4.0,51192.68
2023-01-04,西南,3C数码,1230,2681.72,0.65,0,0,0.54,降价阻击,3.7,26102.22
2023-01-05,华东,美妆个护,1452,4288.63,0.87,0,0,0.36,无动作,4.3,26466.5
2023-01-05,华南,服装服饰,4961,4188.26,0.76,0,0,0.43,无动作,3.6,42477.92
2023-01-05,华南,服装服饰,3441,5075.01,0.99,0,0,0.6,无动作,5.0,59240.82
2023-01-05,华北,服装服饰,2545,3497.39,0.72,0,0,0.63,常规促销,3.6,43934.37
2023-01-05,华东,3C数码,2381,2149.89,0.77,0,0,0.84,无动作,4.6,107687.46
2023-01-05,西南,3C数码,2467,4526.04,0.78,0,0,0.83,常规促销,4.3,128638.56
2023-01-05,西南,服装服饰,2151,6811.42,0.65,0,0,0.67,无动作,4.1,37392.4
2023-01-06,华南,3C数码,3738,5648.09,0.94,0,0,0.82,无动作,3.6,176233.65
2023-01-06,华北,3C数码,4476,3368.58,0.66,0,0,0.35,无动作,4.4,75832.73
2023-01-06,西南,服装服饰,3439,7548.66,0.98,0,0,0.24,无动作,4.4,23794.67
2023-01-06,华北,美妆个护,2216,7385.45,0.96,0,0,0.9,无动作,3.9,95953.82
2023-01-07,华东,服装服饰,5065,2465.44,0.84,1,0,0.26,降价阻击,4.9,24624.14
2023-01-07,华南,服装服饰,3818,1275.92,0.84,1,0,0.4,常规促销,4.0,31904.51
2023-01-08,华北,服装服饰,7450,6189.16,0.88,1,0,0.76,降价阻击,4.2,110332.24
2023-01-08,华南,食品饮料,5825,6793.27,0.79,1,0,0.53,无动作,4.3,37603.29
2023-01-08,华北,服装服饰,2546,7775.05,0.88,1,0,0.9,降价阻击,3.7,65775.67
2023-01-09,西南,3C数码,2053,7228.85,0.67,0,0,0.44,无动作,4.9,54177.9
2023-01-09,西南,美妆个护,4796,5203.74,0.67,0,0,0.21,无动作,4.1,2142.46
2023-01-09,华南,3C数码,1048,4710.37,0.81,0,0,0.44,无动作,3.6,43169.61
2023-01-10,华东,服装服饰,4848,1194.89,0.84,0,0,0.66,无动作,4.1,52352.36
2023-01-10,西北,服装服饰,2168,2726.6,0.96,0,0,0.5,常规促销,4.4,24976.95
2023-01-10,西南,食品饮料,1068,4217.3,0.69,0,0,0.63,无动作,4.3,8461.23
2023-01-10,华东,服装服饰,4129,5399.53,0.94,0,0,0.9,无动作,4.5,100849.7
2023-01-12,西南,美妆个护,3744,4900.76,0.72,0,0,0.93,常规促销,3.6,123988.05
2023-01-12,西南,食品饮料,4645,6198.45,0.79,0,0,0.41,无动作,3.9,23517.62
2023-01-12,华南,3C数码,3526,2958.37,0.76,0,0,0.57,无动作,4.7,116161.27
2023-01-13,华南,服装服饰,3867,4954.67,0.79,0,0,0.64,无动作,3.6,60467.62
2023-01-13,华南,服装服饰,4516,1617.0,0.7,0,0,0.96,常规促销,4.8,82854.17
2023-01-13,华东,服装服饰,4367,3895.66,0.83,0,0,1.0,常规促销,3.6,104787.42
2023-01-13,华东,服装服饰,2701,6251.13,0.93,0,0,0.39,无动作,4.8,20033.52
2023-01-13,西南,食品饮料,4242,5853.81,0.8,0,0,0.78,无动作,4.0,41511.56
2023-01-14,华东,美妆个护,4138,7934.5,0.82,1,0,0.5,无动作,4.4,72206.99
2023-01-14,华东,美妆个护,5843,2945.24,0.95,1,0,0.21,常规促销,3.7,42556.44
2023-01-14,华南,服装服饰,7197,4487.33,0.9,1,0,0.21,无动作,3.6,34997.75
2023-01-14,华南,美妆个护,7322,3306.71,0.82,1,0,0.57,无动作,3.8,147542.73
2023-01-14,西南,食品饮料,7131,4084.22,0.74,1,0,0.59,无动作,3.7,33167.75
2023-01-15,华东,美妆个护,6877,6998.65,0.96,1,0,0.22,无动作,4.0,48699.16
2023-01-15,华东,3C数码,3952,5789.46,0.85,1,0,0.75,无动作,4.3,199403.22
2023-01-15,华北,美妆个护,3285,7177.09,0.73,1,0,0.44,常规促销,4.4,64392.0
2023-01-15,华南,3C数码,4899,2424.58,0.74,1,0,0.65,无动作,4.7,177381.44
2023-01-15,华东,服装服饰,2832,7113.53,0.93,1,0,0.44,无动作,4.5,30769.64
2023-01-16,华南,3C数码,3268,1418.34,0.67,0,0,0.33,常规促销,4.4,49753.72
2023-01-17,华东,美妆个护,4626,7220.19,1.0,0,0,0.53,常规促销,4.1,100340.39
2023-01-18,华东,美妆个护,4875,3303.52,0.7,0,0,0.39,无动作,4.2,59350.8
2023-01-19,华南,3C数码,2401,3202.11,0.93,0,0,0.63,无动作,4.1,95652.65
2023-01-19,华南,服装服饰,4691,4584.62,0.79,0,0,0.36,无动作,4.8,36494.84
2023-01-20,西南,服装服饰,4337,7584.83,0.82,0,0,0.61,降价阻击,3.8,42920.14
2023-01-20,华南,服装服饰,3142,1334.47,0.96,0,0,0.33,无动作,3.5,29553.19
2023-01-20,华南,3C数码,1261,3465.62,0.79,0,0,0.74,降价阻击,4.5,58635.62
2023-01-21,华北,服装服饰,4061,6996.0,0.84,1,0,0.8,常规促销,3.8,105321.65
2023-01-21,华东,美妆个护,3713,3772.38,0.67,1,0,0.29,无动作,4.8,30939.27
2023-01-22,华北,3C数码,4283,2394.1,0.65,1,0,0.57,无动作,4.8,142948.27
2023-01-22,华东,3C数码,6080,3973.56,0.74,1,0,0.26,无动作,3.6,77306.65
2023-01-22,西北,服装服饰,3614,3698.87,0.89,1,0,0.68,无动作,3.7,62714.03
2023-01-23,华东,食品饮料,1091,7407.91,0.69,0,0,0.41,无动作,4.2,17071.66
2023-01-23,华南,美妆个护,1126,6333.54,0.69,0,0,0.62,常规促销,4.4,22834.76
2023-01-23,华东,美妆个护,1079,4535.81,0.79,0,0,0.61,降价阻击,3.9,25412.4
2023-01-25,西北,服装服饰,2847,7918.59,0.88,0,0,0.94,无动作,4.6,72169.17
2023-01-25,华南,服装服饰,4309,4256.94,0.9,0,0,0.64,常规促销,4.4,56553.11
2023-01-25,华南,3C数码,1982,1407.66,0.71,0,0,0.67,无动作,4.0,74589.98
2023-01-26,华东,美妆个护,4443,2835.92,0.68,0,0,0.52,无动作,3.5,81061.23
2023-01-26,华北,食品饮料,1915,4052.49,0.98,0,0,0.96,无动作,4.6,24448.39
2023-01-26,华东,美妆个护,3533,2098.32,0.74,0,0,0.82,常规促销,3.8,92608.69
2023-01-27,西南,食品饮料,1693,7632.96,0.95,0,0,0.43,降价阻击,4.8,11259.58
2023-01-28,华东,美妆个护,3649,6367.94,0.95,1,0,0.88,常规促销,4.1,132389.19
2023-01-28,华东,3C数码,3037,2878.01,0.92,1,0,0.55,无动作,4.4,97757.19
2023-01-28,华东,食品饮料,6430,5135.63,0.71,1,0,0.86,无动作,4.8,71178.43
2023-01-28,华南,3C数码,5602,6050.14,0.94,1,0,0.86,无动作,4.8,293208.08
2023-01-28,华南,服装服饰,5339,7588.95,0.92,1,0,0.35,无动作,4.1,50442.7
2023-01-29,华东,3C数码,5282,7171.45,0.86,1,0,0.76,常规促销,3.8,244320.64
2023-01-29,华北,3C数码,4088,4606.35,0.77,1,0,0.43,常规促销,4.7,104480.18
2023-01-30,华南,服装服饰,2733,6422.57,0.74,0,0,0.44,常规促销,4.1,30707.72
2023-01-31,华南,服装服饰,2080,4935.01,0.69,0,0,0.44,无动作,3.8,12169.9
2023-02-02,华南,服装服饰,2628,4868.93,0.83,0,0,0.78,无动作,4.9,38879.41
2023-02-02,华南,服装服饰,1018,1803.19,0.85,0,0,0.38,无动作,3.8,5759.24
2023-02-02,华南,3C数码,2407,1882.96,0.78,0,0,0.2,无动作,3.5,30637.65
2023-02-03,华东,3C数码,4936,4706.74,0.82,0,0,0.77,无动作,3.5,205018.72
2023-02-03,华东,服装服饰,2216,2882.03,0.78,0,0,0.34,常规促销,4.4,9726.25
2023-02-03,西南,服装服饰,3284,1147.26,0.87,0,0,0.28,常规促销,4.5,12484.78
2023-02-03,西南,美妆个护,2410,6059.87,0.97,0,0,0.39,无动作,4.0,36497.96
2023-02-04,华南,美妆个护,7168,1227.41,0.71,1,0,0.5,无动作,4.0,106710.91
2023-02-04,华东,美妆个护,3712,5166.94,0.78,1,0,0.58,无动作,4.0,100466.77
2023-02-04,华北,美妆个护,6460,4774.36,0.7,1,0,0.24,无动作,4.5,60344.63
2023-02-04,华南,服装服饰,3996,7781.7,0.87,1,0,0.98,常规促销,3.6,116260.28
2023-02-04,华东,美妆个护,3848,4389.49,0.91,1,0,0.77,无动作,4.9,121561.94
2023-02-04,华东,服装服饰,5832,1445.21,0.98,1,0,0.46,无动作,3.8,49636.7
2023-02-05,华北,服装服饰,4197,4861.82,0.75,1,0,0.45,无动作,5.0,36662.13
2023-02-05,华北,美妆个护,3199,6887.67,0.98,1,0,0.56,常规促销,3.8,70089.95
2023-02-05,华东,服装服饰,4169,7977.94,0.67,1,0,0.7,无动作,4.7,88863.18
2023-02-05,华东,美妆个护,3114,4012.4,0.86,1,0,0.32,无动作,3.8,34871.43
2023-02-06,华东,美妆个护,3102,3242.09,0.67,0,0,0.35,无动作,3.6,26110.04
2023-02-06,华北,食品饮料,3003,7346.57,0.96,0,0,0.89,常规促销,4.8,33747.14
2023-02-06,华东,食品饮料,2459,2338.69,0.84,0,0,0.41,降价阻击,4.8,7284.23
2023-02-07,华东,服装服饰,3731,5308.0,0.88,0,0,0.5,无动作,4.1,46931.86
2023-02-07,华北,服装服饰,3156,3840.0,0.94,0,0,0.9,常规促销,4.6,69466.21
2023-02-07,华东,服装服饰,4937,1287.58,0.7,0,0,0.73,降价阻击,4.3,49937.73
2023-02-07,华北,服装服饰,2207,3431.02,0.66,0,0,0.47,降价阻击,4.8,25311.27
2023-02-08,华东,美妆个护,2391,2856.6,0.96,0,0,0.75,常规促销,4.0,60017.9
2023-02-08,华东,美妆个护,3006,5802.64,0.76,0,0,0.22,常规促销,4.3,23928.61
2023-02-08,华东,美妆个护,2221,7641.53,0.7,0,0,0.79,无动作,4.2,84819.75
2023-02-08,华北,服装服饰,2394,2876.33,0.81,0,0,0.59,常规促销,4.0,28031.25
2023-02-08,西南,3C数码,1372,6680.26,0.86,0,0,0.85,无动作,4.8,101862.71
2023-02-08,西南,服装服饰,4020,1387.52,0.66,0,0,0.96,常规促销,3.7,81274.21
2023-02-08,华南,3C数码,2520,4766.85,0.75,0,0,0.94,无动作,3.7,143241.85
2023-02-08,华北,食品饮料,4670,1493.85,0.66,0,0,0.93,常规促销,4.4,39745.99
2023-02-09,华东,服装服饰,6680,7538.23,0.8,0,1,0.61,常规促销,4.5,111380.36
2023-02-10,华东,3C数码,6024,6364.46,0.96,0,1,0.49,无动作,3.8,214062.32
2023-02-10,西南,3C数码,6956,5605.65,0.99,0,1,0.57,常规促销,4.1,256361.55
2023-02-10,华东,美妆个护,7449,6767.27,0.87,0,1,0.75,无动作,4.9,215170.6
2023-02-11,华东,美妆个护,12109,5532.64,0.71,1,1,0.91,常规促销,3.9,381315.31
2023-02-11,华东,服装服饰,10395,7782.61,0.97,1,1,0.37,无动作,4.5,85709.66
2023-02-11,华东,3C数码,9454,5997.71,0.83,1,1,0.93,无动作,4.6,535794.91
2023-02-11,华东,服装服饰,14068,7472.61,0.7,1,1,0.85,降价阻击,4.2,216389.71
2023-02-11,华南,服装服饰,12750,4619.92,0.97,1,1,0.98,无动作,4.9,285105.45
2023-02-12,华南,美妆个护,9090,1819.45,0.92,1,1,0.9,常规促销,4.6,285818.84
2023-02-12,西南,美妆个护,11881,4697.24,0.91,1,1,0.42,无动作,4.2,174239.89
2023-02-13,西南,服装服饰,7185,1888.11,0.9,0,1,0.28,无动作,4.4,44482.31
2023-02-13,华东,服装服饰,5242,5147.45,0.72,0,1,0.29,无动作,4.5,41094.63
2023-02-13,华东,食品饮料,8786,4377.45,0.72,0,1,0.43,无动作,4.4,33862.97
2023-02-13,华南,服装服饰,8349,5358.03,0.89,0,1,0.69,无动作,4.8,135635.46
2023-02-14,华南,美妆个护,6594,1070.33,0.73,0,1,0.84,无动作,4.0,202865.98
2023-02-15,华东,3C数码,7060,2363.88,0.8,0,1,0.92,无动作,3.9,383831.62
2023-02-15,华北,服装服饰,11411,4439.31,0.92,0,1,0.7,无动作,3.8,177877.14
2023-02-15,华南,3C数码,5251,7653.52,0.92,0,1,0.2,降价阻击,3.6,75438.89
2023-02-16,华南,服装服饰,1574,3685.26,0.81,0,0,0.35,降价阻击,3.6,1330.23
2023-02-16,华南,食品饮料,1573,3970.6,0.93,0,0,0.28,无动作,4.8,1000.0
2023-02-16,华东,服装服饰,3659,6002.87,0.94,0,0,0.49,常规促销,4.5,58380.23
2023-02-16,西南,3C数码,2042,5226.55,0.88,0,0,0.6,无动作,4.5,87460.63
2023-02-16,华北,3C数码,2552,3092.48,0.73,0,0,0.23,常规促销,4.4,31908.4
2023-02-17,华东,服装服饰,3884,3875.71,0.75,0,0,0.48,常规促销,4.8,31809.38
2023-02-17,西南,3C数码,1422,2523.9,0.76,0,0,0.34,降价阻击,4.2,28403.94
2023-02-17,华南,3C数码,2489,7762.15,0.69,0,0,0.72,无动作,4.8,134253.36
2023-02-18,西南,美妆个护,5254,1914.44,0.75,1,0,0.57,常规促销,4.0,88137.1
2023-02-18,华北,服装服饰,4473,3602.86,0.72,1,0,0.6,无动作,4.9,61229.59
2023-02-19,华南,服装服饰,5744,1180.87,0.81,1,0,0.54,降价阻击,4.5,49485.4
2023-02-20,华东,食品饮料,2104,2552.46,0.97,0,0,0.96,无动作,3.9,26879.12
2023-02-20,华东,3C数码,2574,6463.3,0.69,0,0,0.37,常规促销,4.3,55408.94
2023-02-20,华南,食品饮料,4619,2408.23,0.9,0,0,0.61,常规促销,4.3,39587.72
2023-02-20,华北,服装服饰,3471,1560.44,0.89,0,0,0.79,常规促销,3.7,64907.25
2023-02-20,华东,食品饮料,1428,4321.17,0.68,0,0,0.65,无动作,4.4,10551.46
2023-02-20,华东,美妆个护,4459,1069.78,0.97,0,0,0.94,降价阻击,4.0,100414.46
2023-02-21,西南,美妆个护,3021,1593.36,0.85,0,0,0.5,无动作,3.6,47049.06
2023-02-21,西北,食品饮料,4992,6653.38,0.78,0,0,0.57,常规促销,4.9,26834.33
2023-02-21,华南,服装服饰,4780,6400.31,0.91,0,0,0.27,无动作,4.5,26916.93
2023-02-22,华东,食品饮料,4741,7405.97,0.74,0,0,0.69,无动作,4.8,36922.06
2023-02-22,华东,服装服饰,1203,6981.61,0.89,0,0,0.43,无动作,4.5,33661.91
2023-02-22,华东,服装服饰,3243,5782.23,0.66,0,0,0.33,无动作,4.0,33781.1
2023-02-22,西南,服装服饰,3775,1366.33,0.94,0,0,0.64,无动作,4.3,57710.68
2023-02-22,华东,服装服饰,3332,6479.94,0.81,0,0,0.63,无动作,4.5,56571.02
2023-02-22,华南,3C数码,2992,6918.58,0.87,0,0,0.26,无动作,4.9,43666.83
2023-02-22,华东,服装服饰,3243,6593.58,0.73,0,0,0.76,常规促销,3.9,62637.84
2023-02-23,华南,服装服饰,1306,4559.35,0.89,0,0,0.7,常规促销,4.8,37465.55
2023-02-23,华北,美妆个护,2687,2630.31,0.92,0,0,0.35,无动作,4.9,22571.29
2023-02-23,西南,美妆个护,1013,6917.31,0.82,0,0,0.58,无动作,4.5,43125.25
2023-02-23,华东,服装服饰,2860,6090.14,0.87,0,0,0.78,无动作,4.9,77734.86
2023-02-23,华东,服装服饰,4217,7865.33,0.81,0,0,0.62,无动作,4.1,74154.74
2023-02-23,华东,服装服饰,2961,2089.85,0.96,0,0,0.52,常规促销,4.9,45624.96
2023-02-23,西南,3C数码,2080,2579.65,0.82,0,0,0.46,常规促销,4.6,58757.82
2023-02-24,西南,3C数码,1722,2482.59,0.94,0,0,0.69,无动作,3.6,83783.68
2023-02-25,华南,服装服饰,3880,6547.78,0.93,1,0,0.95,无动作,4.9,93905.43
2023-02-25,华北,服装服饰,4184,2308.35,0.79,1,0,0.74,无动作,4.2,76867.24
2023-02-26,华北,食品饮料,3963,1466.62,0.73,1,0,0.26,常规促销,4.2,16645.03
2023-02-27,华东,服装服饰,1797,7989.93,0.79,0,0,0.57,降价阻击,4.3,30268.57
2023-02-27,西南,服装服饰,1343,1173.72,0.94,0,0,0.91,无动作,3.7,40450.14
2023-02-27,华南,服装服饰,4786,6846.71,0.73,0,0,0.28,无动作,4.2,27108.65
2023-02-27,华南,3C数码,4682,3557.57,0.83,0,0,0.99,常规促销,4.7,248382.57
2023-02-27,华南,服装服饰,2302,6891.31,0.93,0,0,0.96,降价阻击,3.5,53601.48
2023-02-27,华东,美妆个护,1208,4882.34,0.77,0,0,0.26,无动作,3.9,7445.59
2023-02-28,华东,服装服饰,1640,7311.42,0.87,0,0,0.95,无动作,3.5,56133.17
2023-03-01,华北,服装服饰,4406,7483.35,0.74,0,0,0.49,无动作,4.1,38844.04
2023-03-01,华东,食品饮料,2311,1063.69,0.69,0,0,0.88,无动作,4.6,29248.05
2023-03-01,华北,食品饮料,3299,1527.89,0.93,0,0,0.53,无动作,4.7,18944.5
2023-03-02,华东,美妆个护,4336,2752.51,0.68,0,0,0.55,无动作,4.9,70234.68
2023-03-02,华南,服装服饰,3318,5685.21,0.74,0,0,0.71,无动作,4.4,51158.54
2023-03-03,华东,美妆个护,2947,7217.91,0.95,0,0,0.82,无动作,3.9,99004.05
2023-03-03,华南,服装服饰,1919,4219.59,0.77,0,0,0.23,常规促销,4.9,17292.24
2023-03-03,华北,服装服饰,2723,5248.81,0.99,0,0,0.67,无动作,4.7,52656.55
2023-03-03,华东,3C数码,3044,2319.5,0.99,0,0,0.35,无动作,4.4,54395.05
2023-03-03,华南,服装服饰,1418,6634.77,0.74,0,0,0.48,无动作,4.5,16916.93
2023-03-04,华南,服装服饰,3823,7771.3,0.66,1,0,0.48,无动作,4.9,55421.75
2023-03-04,华北,服装服饰,5136,2880.19,0.9,1,0,0.58,降价阻击,4.6,48060.35
2023-03-04,西南,食品饮料,7098,4463.78,0.81,1,0,0.47,无动作,4.1,37213.8
2023-03-04,华北,食品饮料,3408,1602.81,0.69,1,0,0.29,无动作,4.6,12221.3
2023-03-04,华东,美妆个护,5028,4913.96,0.9,1,0,0.32,常规促销,3.6,60356.98
2023-03-06,华东,服装服饰,4731,4519.48,0.66,0,0,0.23,无动作,4.1,30534.51
2023-03-06,华东,食品饮料,4392,2011.06,0.95,0,0,0.58,降价阻击,4.1,11260.57
2023-03-06,华南,3C数码,3772,4094.46,0.7,0,0,0.96,无动作,3.8,186992.98
2023-03-07,华东,美妆个护,3480,3338.73,0.69,0,0,0.29,无动作,3.5,28670.03
2023-03-07,华南,3C数码,3156,4652.82,0.71,0,0,0.96,无动作,3.7,193920.28
2023-03-08,华南,美妆个护,3688,5099.58,0.99,0,0,0.79,无动作,4.5,122147.98
2023-03-08,华东,服装服饰,2545,1059.47,0.89,0,0,0.71,常规促销,4.7,53097.91
2023-03-09,华北,食品饮料,2070,6327.04,0.93,0,0,0.72,常规促销,5.0,21028.7
2023-03-09,华东,食品饮料,3426,5991.1,0.79,0,0,0.86,无动作,4.0,22307.06
2023-03-10,华东,3C数码,2850,3564.0,0.77,0,0,0.29,无动作,4.4,29373.79
2023-03-10,华北,服装服饰,2119,1370.55,0.73,0,0,0.6,常规促销,4.9,22296.05
2023-03-10,华南,食品饮料,1957,6284.53,0.82,0,0,0.76,降价阻击,3.8,16398.53
2023-03-10,华北,服装服饰,1102,7686.23,0.84,0,0,0.67,无动作,4.6,42607.17
2023-03-10,华南,食品饮料,3939,2681.06,0.87,0,0,0.87,无动作,4.6,43869.98
2023-03-11,华东,服装服饰,6095,3264.67,0.74,1,0,0.26,无动作,3.6,36421.2
2023-03-11,西南,服装服饰,4207,2286.69,0.98,1,0,0.75,常规促销,4.8,66311.42
2023-03-13,华北,服装服饰,2903,5038.55,0.71,0,0,0.63,无动作,4.7,37263.55
2023-03-13,华北,服装服饰,4999,2083.89,0.99,0,0,0.5,无动作,3.6,54048.0
2023-03-14,华东,美妆个护,4098,3493.36,0.66,0,0,0.47,常规促销,3.6,67554.19
2023-03-15,华南,服装服饰,2755,5879.09,0.82,0,0,0.7,无动作,3.6,53969.46
2023-03-16,华南,服装服饰,3577,4920.81,0.77,0,0,0.91,无动作,4.0,68309.81
2023-03-16,华东,服装服饰,1678,3705.24,0.81,0,0,0.6,无动作,4.3,32577.2
2023-03-16,西南,服装服饰,2968,3941.75,0.85,0,0,0.86,无动作,4.3,64227.86
2023-03-16,华东,食品饮料,1988,4934.78,0.8,0,0,0.52,无动作,3.9,5778.69
2023-03-17,西北,食品饮料,2105,1041.05,0.8,0,0,0.28,无动作,4.9,1000.0
2023-03-17,华南,服装服饰,3475,1549.57,0.91,0,0,0.25,无动作,4.1,23799.5
2023-03-17,华东,美妆个护,2607,7168.81,0.89,0,0,0.24,无动作,3.6,25069.83
2023-03-17,华南,美妆个护,3869,1545.15,0.94,0,0,0.5,常规促销,4.0,73313.91
2023-03-19,西南,服装服饰,4736,5947.63,0.74,1,0,0.47,常规促销,4.3,58777.39
2023-03-19,华北,食品饮料,4348,7440.27,0.86,1,0,0.77,无动作,4.1,40600.19
2023-03-19,西南,服装服饰,4294,2894.79,0.85,1,0,0.79,无动作,3.9,78841.19
2023-03-19,华北,3C数码,7082,3593.44,0.78,1,0,0.24,无动作,3.7,92232.67
2023-03-21,华北,食品饮料,1931,4982.45,0.82,0,0,0.38,无动作,4.7,4529.27
2023-03-22,西南,服装服饰,2425,7171.96,0.76,0,0,0.42,无动作,5.0,22071.06
2023-03-22,华东,美妆个护,4579,7593.34,0.7,0,0,0.64,常规促销,4.0,111604.9
2023-03-22,华南,食品饮料,2061,6176.94,0.72,0,0,0.32,无动作,4.1,16287.74
2023-03-22,华东,3C数码,2978,1606.34,0.69,0,0,0.31,无动作,4.4,52503.05
2023-03-23,西北,食品饮料,3558,5684.08,0.89,0,0,0.96,无动作,4.6,54214.73
2023-03-24,西南,服装服饰,3440,3872.13,0.88,0,0,0.84,常规促销,4.1,62522.1
2023-03-24,华东,服装服饰,3042,4294.91,0.98,0,0,0.34,无动作,4.9,38819.61
2023-03-25,华北,美妆个护,6483,1344.04,0.91,1,0,0.53,常规促销,4.3,101036.99
2023-03-25,西南,食品饮料,4912,2337.43,0.67,1,0,0.48,无动作,4.2,17672.54
2023-03-26,华东,3C数码,6774,6533.6,0.96,1,0,0.83,常规促销,4.5,315319.36
2023-03-27,华南,服装服饰,2278,4177.71,0.95,0,0,0.61,常规促销,4.9,32979.76
2023-03-27,西南,美妆个护,2202,3111.64,0.81,0,0,0.3,无动作,4.7,20006.63
2023-03-27,华东,美妆个护,3594,3688.13,0.86,0,0,0.79,无动作,3.6,100916.55
2023-03-27,华北,美妆个护,1593,6980.8,0.99,0,0,0.52,无动作,4.0,46168.59
2023-03-29,华东,3C数码,3436,6242.99,0.84,0,0,0.41,无动作,4.2,79245.37
2023-03-30,西南,服装服饰,2421,2906.21,0.97,0,0,0.5,常规促销,4.0,26222.38
2023-03-30,西北,服装服饰,4803,1822.51,0.68,0,0,0.6,常规促销,4.6,54536.82
2023-03-30,西南,美妆个护,3205,2763.99,0.72,0,0,0.47,常规促销,4.7,34985.12
2023-03-30,华南,服装服饰,2027,7445.3,0.8,0,0,0.39,常规促销,4.6,17082.97
2023-03-31,西南,服装服饰,3214,5071.12,0.85,0,0,0.52,无动作,5.0,34854.51
2023-03-31,西南,食品饮料,4539,4734.36,0.94,0,0,0.22,无动作,3.9,22843.16
2023-03-31,华东,3C数码,1959,5174.76,1.0,0,0,0.82,常规促销,4.8,120023.11
2023-03-31,西南,食品饮料,3456,3562.2,0.79,0,0,0.34,无动作,4.6,18525.91
2023-04-01,华东,美妆个护,6300,6649.75,0.67,1,0,0.24,常规促销,4.0,40883.83
2023-04-02,华南,美妆个护,6449,4663.0,0.93,1,0,0.72,无动作,4.6,167652.86
2023-04-02,华东,服装服饰,5405,1817.24,0.86,1,0,0.82,无动作,3.7,106453.5
2023-04-02,华东,3C数码,5374,1903.46,0.72,1,0,0.85,降价阻击,4.7,179768.36
2023-04-02,华东,美妆个护,6048,4758.01,0.82,1,0,0.59,无动作,4.3,116446.43
2023-04-03,华北,美妆个护,2173,7555.99,0.91,0,0,0.36,降价阻击,3.9,33471.58
2023-04-03,华东,美妆个护,4230,3158.46,0.92,0,0,0.79,降价阻击,4.5,92752.27
2023-04-04,华北,3C数码,4350,7086.79,0.82,0,0,0.76,常规促销,4.5,195958.23
2023-04-04,华东,美妆个护,1815,6348.67,0.76,0,0,0.4,常规促销,3.8,31163.95
2023-04-04,华东,美妆个护,1403,2734.69,0.99,0,0,0.92,无动作,3.5,49850.33
2023-04-05,华南,美妆个护,1892,1254.39,0.88,0,0,0.28,常规促销,4.2,18765.28
2023-04-05,华北,美妆个护,3725,1712.93,0.79,0,0,0.99,无动作,4.4,123735.13
2023-04-05,华东,美妆个护,4382,6099.46,0.75,0,0,0.89,无动作,4.8,130783.0
2023-04-05,华北,美妆个护,1067,2397.69,0.91,0,0,0.75,常规促销,4.9,43255.19
2023-04-05,西南,3C数码,4534,3598.9,0.73,0,0,0.95,无动作,4.3,224490.89
2023-04-05,华北,服装服饰,1087,4511.89,0.71,0,0,0.78,无动作,4.6,21351.67
2023-04-06,华东,3C数码,3264,6078.28,0.84,0,0,0.35,无动作,4.2,79098.94
2023-04-06,华东,服装服饰,3048,1792.62,0.75,0,0,0.55,无动作,4.6,42643.9
2023-04-06,西南,服装服饰,2158,3844.56,0.87,0,0,0.26,常规促销,3.8,21284.33
2023-04-06,华东,3C数码,2720,4395.51,0.69,0,0,0.51,无动作,4.1,73197.3
2023-04-06,西南,服装服饰,2374,4785.79,0.88,0,0,0.79,降价阻击,4.5,35957.9
2023-04-07,华南,3C数码,3187,6728.52,0.75,0,0,0.51,常规促销,3.5,111759.63
2023-04-07,西南,美妆个护,3665,2201.75,0.65,0,0,0.46,常规促销,4.6,52529.52
2023-04-07,华北,食品饮料,3180,6654.82,0.69,0,0,0.68,无动作,4.8,19088.3
2023-04-08,西北,3C数码,4488,5850.15,0.98,1,0,0.9,常规促销,4.1,261310.62
2023-04-08,华南,食品饮料,4168,4891.1,0.95,1,0,0.24,无动作,4.2,6900.68
2023-04-08,华北,服装服饰,5377,5896.7,0.73,1,0,0.51,常规促销,4.8,79689.21
2023-04-09,华南,服装服饰,5037,3884.12,0.92,1,0,0.33,无动作,4.7,51184.45
2023-04-09,华南,3C数码,4797,1968.78,0.86,1,0,0.76,常规促销,3.9,206925.51
2023-04-09,华北,服装服饰,4349,5660.36,0.99,1,0,0.28,降价阻击,4.0,35852.78
2023-04-09,西南,美妆个护,6042,4672.71,0.78,1,0,0.73,无动作,4.5,150631.52
2023-04-09,西北,美妆个护,5365,5475.62,0.89,1,0,0.43,无动作,4.3,88976.64
2023-04-09,华北,3C数码,6474,3365.99,0.67,1,0,0.36,常规促销,3.7,137443.91
2023-04-09,华南,3C数码,4266,7348.07,0.79,1,0,0.95,无动作,4.0,270136.7
2023-04-09,华南,服装服饰,6398,5111.59,0.99,1,0,0.21,常规促销,4.8,28954.52
2023-04-09,华北,服装服饰,3956,1597.82,0.84,1,0,0.55,无动作,4.5,35521.49
2023-04-10,华东,服装服饰,2131,4148.63,0.75,0,0,0.22,无动作,5.0,11368.74
2023-04-10,华东,服装服饰,3169,6294.49,0.69,0,0,0.59,降价阻击,4.7,44370.45
2023-04-10,华南,美妆个护,3064,6558.94,0.9,0,0,0.6,常规促销,4.9,80890.41
2023-04-10,华东,食品饮料,2219,4462.18,0.88,0,0,0.46,常规促销,3.8,17579.73
2023-04-11,华东,服装服饰,3374,7263.23,0.78,0,0,0.31,无动作,4.7,22956.22
2023-04-11,华东,食品饮料,1317,2873.68,0.98,0,0,0.5,常规促销,3.5,1000.0
2023-04-11,华东,服装服饰,3856,3874.19,0.66,0,0,0.74,无动作,4.5,58681.8
2023-04-11,华东,服装服饰,2502,7290.18,0.76,0,0,0.83,常规促销,4.2,57105.77
2023-04-11,西北,服装服饰,3034,7273.8,0.97,0,0,0.62,常规促销,4.0,49604.57
2023-04-11,华南,美妆个护,4323,5799.99,0.76,0,0,0.67,无动作,4.8,106107.2
2023-04-13,华南,食品饮料,3042,7012.86,0.74,0,0,0.36,无动作,4.8,30393.08
2023-04-13,华北,美妆个护,1502,1621.41,0.84,0,0,0.43,无动作,3.5,24244.04
2023-04-13,华东,服装服饰,3022,7054.96,0.94,0,0,0.33,常规促销,4.4,25577.89
2023-04-13,西南,美妆个护,1118,3244.34,0.69,0,0,0.4,无动作,4.1,17333.16
2023-04-14,华北,3C数码,4745,2248.32,0.98,0,0,0.38,常规促销,4.1,95745.35
2023-04-14,华东,食品饮料,1709,2675.59,0.93,0,0,0.62,无动作,4.7,7118.55
2023-04-14,华南,服装服饰,4569,3925.78,0.71,0,0,0.65,常规促销,4.0,65057.44
2023-04-14,西南,服装服饰,4557,2758.34,0.9,0,0,0.96,常规促销,4.9,96660.44
2023-04-14,西南,服装服饰,1044,3243.97,0.78,0,0,0.36,无动作,3.8,13217.18
2023-04-15,华南,美妆个护,2555,1944.85,0.79,1,0,0.71,无动作,4.5,71789.47
2023-04-15,华北,3C数码,6002,3073.24,0.92,1,0,0.85,无动作,4.5,285906.64
2023-04-16,华东,美妆个护,6476,5005.99,0.99,1,0,0.65,常规促销,3.9,130812.37
2023-04-16,西北,服装服饰,3265,4092.98,0.69,1,0,0.4,常规促销,4.0,38206.98
2023-04-16,华东,美妆个护,5157,3427.03,0.8,1,0,0.41,无动作,4.8,66569.04
2023-04-17,西南,美妆个护,4854,6225.16,0.82,0,0,0.23,常规促销,4.6,30066.32
2023-04-17,华北,美妆个护,2101,7254.57,0.78,0,0,0.44,无动作,4.0,33696.85
2023-04-18,华北,服装服饰,1325,6297.52,0.78,0,0,0.8,无动作,4.3,41087.98
2023-04-18,华南,服装服饰,4761,3324.0,0.67,0,0,0.24,降价阻击,3.6,17372.42
2023-04-19,华东,3C数码,4428,6211.1,0.89,0,0,0.38,无动作,3.8,86744.09
2023-04-19,华东,美妆个护,2439,2063.86,0.8,0,0,0.76,无动作,4.2,65755.77
2023-04-21,华东,服装服饰,2986,1912.23,0.72,0,0,0.83,无动作,3.6,40773.25
2023-04-21,华东,服装服饰,3562,3419.39,0.94,0,0,0.56,无动作,4.8,46545.24
2023-04-21,华北,服装服饰,3261,6653.92,0.93,0,0,0.76,无动作,4.6,67101.58
2023-04-21,华南,3C数码,4925,2724.44,0.82,0,0,0.51,无动作,4.9,137989.77
2023-04-21,华东,美妆个护,1073,1442.77,0.75,0,0,0.33,常规促销,4.5,27354.82
2023-04-21,西北,3C数码,4634,1921.97,0.87,0,0,0.52,无动作,4.9,112997.68
2023-04-22,西南,美妆个护,4720,7011.21,0.75,1,0,0.66,无动作,4.3,118138.52
2023-04-22,西南,服装服饰,2733,5436.48,0.73,1,0,0.96,无动作,4.4,72397.86
2023-04-22,西北,3C数码,5920,2772.41,0.91,1,0,0.26,无动作,5.0,88172.61
2023-04-22,华东,服装服饰,5377,4887.07,0.66,1,0,0.61,常规促销,4.5,77385.56
2023-04-23,华南,3C数码,3404,4693.06,0.68,1,0,0.46,降价阻击,3.5,77359.28
2023-04-23,华北,服装服饰,2722,5588.05,0.65,1,0,0.61,无动作,4.6,43466.43
2023-04-23,华北,美妆个护,3937,2632.31,0.7,1,0,0.22,常规促销,4.9,20985.5
2023-04-23,华东,3C数码,3903,7050.82,0.67,1,0,0.45,无动作,4.7,124687.03
2023-04-23,西南,美妆个护,4434,3165.58,1.0,1,0,0.86,无动作,4.4,139328.56
2023-04-23,华东,3C数码,7165,5858.92,0.75,1,0,0.64,无动作,4.5,265423.82
2023-04-23,华东,服装服饰,6932,1112.87,0.7,1,0,0.56,无动作,5.0,76590.61
2023-04-24,华南,美妆个护,4209,3608.6,0.73,0,0,0.43,无动作,3.6,53552.56
2023-04-24,华南,服装服饰,4302,3461.97,0.98,0,0,0.44,常规促销,4.5,33360.61
2023-04-25,华南,3C数码,3647,4804.39,0.83,0,0,0.51,无动作,3.9,112270.86
2023-04-26,华东,服装服饰,2552,1509.15,0.78,0,0,0.87,降价阻击,4.5,29544.95
2023-04-26,西南,服装服饰,2075,6530.92,0.96,0,0,0.97,无动作,4.4,76681.56
2023-04-26,华东,美妆个护,4717,2524.47,0.79,0,0,0.55,无动作,3.7,70242.67
2023-04-27,华东,服装服饰,4794,5739.26,0.77,0,0,0.51,常规促销,3.8,57929.54
2023-04-27,西南,美妆个护,1324,6622.48,0.72,0,0,0.88,无动作,4.4,75005.07
2023-04-28,西北,食品饮料,1991,4933.14,0.78,0,0,0.54,无动作,3.7,19637.2
2023-04-28,西南,服装服饰,2993,6186.18,0.76,0,0,0.64,常规促销,3.9,50868.61
2023-04-28,西南,食品饮料,4976,5633.02,0.89,0,0,0.38,降价阻击,4.8,9543.9
2023-04-28,华北,服装服饰,4802,3488.71,0.75,0,0,0.79,常规促销,4.0,69526.54
2023-04-28,华南,食品饮料,1716,6662.01,0.85,0,0,0.63,常规促销,4.2,23883.7
2023-04-29,华东,3C数码,5539,3062.91,0.67,1,0,0.85,常规促销,4.9,269838.9
2023-04-29,华南,美妆个护,3698,4998.49,0.72,1,0,0.82,降价阻击,3.8,89032.6
2023-04-30,华南,服装服饰,4989,6217.78,0.79,1,0,0.37,无动作,4.1,36276.66
2023-04-30,华东,服装服饰,6481,3652.69,0.98,1,0,0.77,无动作,4.4,91481.92
2023-05-01,华北,美妆个护,8199,3119.37,0.78,0,1,0.84,无动作,4.6,230323.47
2023-05-01,华南,美妆个护,6744,4215.42,0.88,0,1,0.48,无动作,4.9,119196.35
2023-05-02,华东,3C数码,5549,6725.74,0.74,0,1,0.34,常规促销,4.9,141193.02
2023-05-02,华东,3C数码,6347,7509.45,0.69,0,1,0.2,常规促销,4.7,89249.94
2023-05-02,华北,美妆个护,8697,4815.58,0.67,0,1,0.56,无动作,3.8,172409.94
2023-05-02,华东,美妆个护,7229,5630.26,0.76,0,1,0.48,无动作,3.5,125587.84
2023-05-02,西南,食品饮料,7508,7322.92,0.71,0,1,0.64,常规促销,4.1,55767.1
2023-05-02,华南,美妆个护,6656,1689.83,0.71,0,1,0.35,无动作,3.7,92653.5
2023-05-03,华南,食品饮料,9508,2624.55,0.92,0,1,0.89,常规促销,4.6,96540.68
2023-05-03,华南,美妆个护,8141,5962.3,0.66,0,1,0.41,无动作,4.5,103478.03
2023-05-04,西南,服装服饰,8261,6766.21,0.85,0,1,0.38,无动作,3.6,71630.22
2023-05-04,华东,3C数码,11537,6999.2,0.78,0,1,0.58,无动作,4.8,374762.58
2023-05-05,华北,美妆个护,6532,3905.75,0.83,0,1,0.6,无动作,3.9,140800.25
2023-05-05,华南,美妆个护,8422,1625.38,0.85,0,1,0.37,常规促销,4.1,109513.85
2023-05-06,华东,3C数码,6539,4064.47,0.76,1,0,0.42,降价阻击,4.5,120182.6
2023-05-06,西南,服装服饰,3975,2615.14,0.75,1,0,0.34,常规促销,4.1,30633.1
2023-05-06,华北,食品饮料,6013,3038.38,0.91,1,0,0.77,无动作,4.2,61667.86
2023-05-06,华北,服装服饰,4729,6405.87,0.95,1,0,0.82,无动作,3.6,93144.24
2023-05-06,西南,服装服饰,6574,1528.69,0.72,1,0,0.57,常规促销,4.1,92519.56
2023-05-06,西南,服装服饰,3466,6793.07,0.68,1,0,0.77,常规促销,4.6,67794.03
2023-05-07,华北,服装服饰,3272,3993.68,0.96,1,0,0.79,无动作,4.9,68520.69
2023-05-07,西南,服装服饰,4345,5172.45,0.77,1,0,0.31,无动作,4.1,30974.42
2023-05-07,华北,服装服饰,3642,1627.57,0.84,1,0,0.97,常规促销,4.1,82142.62
2023-05-08,华北,3C数码,3309,3361.51,0.78,0,0,0.86,无动作,4.6,163373.4
2023-05-08,华北,美妆个护,2808,1627.91,0.69,0,0,0.36,无动作,4.9,35026.83
2023-05-08,华北,服装服饰,2443,7730.81,0.86,0,0,0.35,无动作,3.9,19613.99
2023-05-08,华东,美妆个护,2767,6650.83,0.83,0,0,0.3,无动作,4.2,24961.15
2023-05-09,西南,食品饮料,2264,4217.43,0.72,0,0,0.31,常规促销,4.7,28863.44
2023-05-09,西南,服装服饰,1354,2565.22,0.81,0,0,0.8,降价阻击,4.4,19153.86
2023-05-09,华东,美妆个护,2872,7534.19,0.93,0,0,0.58,无动作,3.7,76412.92
2023-05-10,西南,服装服饰,3024,3412.18,0.86,0,0,0.83,无动作,4.4,45390.74
2023-05-10,华东,食品饮料,3817,2126.89,0.68,0,0,0.8,无动作,3.8,29195.32
2023-05-10,华东,服装服饰,4832,4942.15,0.84,0,0,0.68,无动作,4.3,72617.48
2023-05-11,华北,美妆个护,4660,7606.42,0.9,0,0,0.75,无动作,4.3,132426.88
2023-05-11,华东,美妆个护,1179,1026.81,0.93,0,0,0.21,常规促销,4.8,1000.0
2023-05-11,西南,服装服饰,1065,2666.87,0.87,0,0,0.45,无动作,4.2,15583.54
2023-05-11,西南,3C数码,1819,7569.13,0.7,0,0,0.71,无动作,3.9,96011.14
2023-05-12,华南,美妆个护,2371,2197.6,0.9,0,0,0.21,无动作,3.8,19823.95
2023-05-12,华东,美妆个护,1170,1792.7,0.89,0,0,0.23,无动作,4.8,2425.63
2023-05-13,华东,服装服饰,5960,4991.31,0.66,1,0,0.88,无动作,3.8,112090.07
2023-05-13,华北,美妆个护,5586,7032.91,0.79,1,0,0.75,无动作,4.1,151178.08
2023-05-13,西北,服装服饰,4739,4339.77,0.77,1,0,0.41,降价阻击,3.8,28251.36
2023-05-13,华北,美妆个护,3500,7961.95,0.88,1,0,0.75,无动作,4.7,110707.49
2023-05-13,华东,3C数码,5853,5754.2,0.73,1,0,0.83,无动作,4.2,273594.92
2023-05-14,华北,食品饮料,4119,1518.52,0.86,1,0,0.45,常规促销,4.0,6120.31
2023-05-14,华南,服装服饰,3532,7949.82,0.97,1,0,0.23,降价阻击,4.0,27173.2
2023-05-14,华北,服装服饰,6364,3855.26,0.93,1,0,0.95,无动作,4.8,124750.9
2023-05-14,华东,3C数码,3296,3011.82,0.97,1,0,0.48,常规促销,4.3,98475.14
2023-05-15,华北,3C数码,3443,4905.15,0.99,0,0,0.29,无动作,4.6,67120.31
2023-05-15,华南,服装服饰,1727,3130.15,0.65,0,0,0.59,无动作,4.8,20312.38
2023-05-15,西北,服装服饰,2604,1605.2,0.87,0,0,0.81,无动作,4.9,39366.69
2023-05-16,华东,美妆个护,3131,1010.0,0.79,0,0,0.38,常规促销,4.0,38082.14
2023-05-16,华北,3C数码,4686,4147.08,0.95,0,0,0.42,常规促销,4.9,118523.21
2023-05-16,西南,服装服饰,4622,6858.04,0.74,0,0,0.39,无动作,3.5,33285.24
2023-05-16,华东,服装服饰,2036,5006.21,0.99,0,0,0.99,无动作,4.1,56779.03
2023-05-17,西南,3C数码,2832,7994.45,0.86,0,0,0.36,常规促销,4.8,59304.86
2023-05-17,华北,3C数码,2848,3007.93,0.93,0,0,0.66,无动作,3.9,106535.46
2023-05-17,华东,服装服饰,3740,2963.19,0.68,0,0,0.94,无动作,3.9,75315.91
2023-05-18,华东,服装服饰,1492,2118.25,0.71,0,0,0.32,常规促销,4.0,4651.13
2023-05-18,华北,服装服饰,4339,2148.45,0.92,0,0,0.98,常规促销,4.4,85706.87
2023-05-19,华东,服装服饰,2548,2996.31,0.66,0,0,0.96,常规促销,4.2,44074.53
2023-05-19,华南,服装服饰,2143,6549.88,0.94,0,0,0.91,常规促销,4.6,59662.08
2023-05-20,华东,3C数码,3197,7340.3,0.65,1,0,0.37,无动作,4.8,93021.5
2023-05-20,华北,服装服饰,6311,7825.61,0.88,1,0,0.71,常规促销,4.5,100105.22
2023-05-21,华东,食品饮料,5407,2626.03,0.78,1,0,0.81,常规促销,3.8,43129.71
2023-05-21,西南,服装服饰,5980,7169.08,0.86,1,0,0.99,无动作,4.9,147462.52
2023-05-22,西北,美妆个护,4957,3297.79,0.89,0,0,0.34,无动作,3.9,63724.81
2023-05-22,西北,服装服饰,4407,1789.88,0.77,0,0,0.81,无动作,3.7,60547.15
2023-05-23,华北,美妆个护,1639,7090.17,0.69,0,0,0.47,无动作,3.6,36924.2
2023-05-23,华东,美妆个护,1172,5452.74,0.67,0,0,0.34,常规促销,4.3,22752.14
2023-05-23,华北,服装服饰,2570,2153.12,0.86,0,0,0.54,常规促销,3.7,30371.24
2023-05-23,华东,食品饮料,1258,4008.82,0.83,0,0,0.84,无动作,3.7,1000.0
2023-05-24,华东,3C数码,4959,3010.8,0.91,0,0,0.57,无动作,4.0,154055.61
2023-05-24,华东,3C数码,1516,6157.56,0.83,0,0,0.63,降价阻击,3.9,76049.53
2023-05-24,华南,美妆个护,3777,4173.91,0.8,0,0,1.0,无动作,4.4,129679.81
2023-05-24,华北,美妆个护,1522,7924.96,0.79,0,0,0.52,无动作,4.7,35428.71
2023-05-24,华北,3C数码,2917,1383.21,0.66,0,0,0.69,无动作,4.6,98206.06
2023-05-24,华南,服装服饰,3886,3485.11,0.77,0,0,0.49,无动作,3.9,55948.15
2023-05-24,华东,3C数码,3164,4373.3,0.99,0,0,0.51,无动作,3.9,105975.61
2023-05-25,西北,服装服饰,3231,4521.93,0.96,0,0,0.76,无动作,4.9,64980.61
2023-05-25,华南,美妆个护,2929,3211.55,0.77,0,0,0.95,无动作,3.5,97903.73
2023-05-25,华南,服装服饰,4945,6104.68,0.86,0,0,0.63,无动作,4.8,66743.51
2023-05-25,华东,服装服饰,2139,7123.23,0.95,0,0,0.81,无动作,3.8,52475.76
2023-05-25,华北,服装服饰,3209,7571.04,0.8,0,0,0.27,无动作,4.9,22648.95
2023-05-25,华北,3C数码,4650,6635.65,0.66,0,0,0.37,常规促销,4.0,104462.24
2023-05-26,华东,服装服饰,4783,6954.06,0.68,0,0,0.6,常规促销,4.2,79210.45
2023-05-26,华东,美妆个护,3590,4853.82,0.83,0,0,0.22,无动作,4.6,36966.09
2023-05-26,华北,食品饮料,4658,6781.22,0.99,0,0,0.4,无动作,4.4,11195.51
2023-05-27,华北,美妆个护,6621,3124.53,0.89,1,0,0.61,常规促销,4.0,133704.76
2023-05-27,华东,3C数码,4541,3789.35,0.67,1,0,0.21,无动作,4.3,61110.68
2023-05-27,西北,食品饮料,4159,3218.39,0.72,1,0,0.41,无动作,4.6,24811.35
2023-05-27,华东,美妆个护,4067,4271.71,0.92,1,0,0.61,常规促销,3.6,87334.44
2023-05-27,华南,美妆个护,7618,2999.06,0.94,1,0,0.66,常规促销,3.5,184494.77
2023-05-27,西南,服装服饰,5731,7731.28,0.87,1,0,0.94,常规促销,4.2,123454.7
2023-05-28,华南,服装服饰,5220,3189.91,0.88,1,0,0.72,无动作,3.7,76537.65
2023-05-28,华北,服装服饰,5626,1686.31,0.66,1,0,0.53,常规促销,4.5,64619.27
2023-05-28,华南,3C数码,4808,4687.72,0.94,1,0,0.94,无动作,3.8,290071.88
2023-05-29,华东,服装服饰,3785,1399.69,0.93,0,0,0.83,常规促销,4.1,58599.49
2023-05-30,西北,服装服饰,2969,1773.8,0.74,0,0,0.36,无动作,3.8,20367.13
2023-05-30,华南,服装服饰,3511,2535.73,0.9,0,0,0.3,无动作,4.3,31678.7
2023-05-30,西南,美妆个护,4992,4250.45,0.73,0,0,0.74,常规促销,3.7,119419.02
2023-05-31,华东,服装服饰,3443,4032.76,0.66,0,0,0.65,无动作,3.5,47711.38
2023-05-31,华东,3C数码,3758,6597.84,0.72,0,0,0.83,无动作,3.6,195997.95
2023-05-31,华东,食品饮料,2574,6176.32,0.71,0,0,0.79,降价阻击,4.9,23953.56
2023-05-31,华北,食品饮料,4728,3984.23,0.77,0,0,0.7,无动作,3.7,44103.65
2023-05-31,华南,美妆个护,2580,3335.93,0.8,0,0,0.99,无动作,4.6,100924.14
2023-06-01,西南,食品饮料,3442,3215.28,0.83,0,0,0.63,无动作,3.6,26687.68
2023-06-01,华南,服装服饰,3373,6417.97,0.82,0,0,0.29,常规促销,3.7,27209.48
2023-06-01,西北,食品饮料,4964,1364.51,0.74,0,0,0.86,常规促销,4.3,43887.47
2023-06-01,华东,3C数码,4990,1089.75,0.66,0,0,0.4,无动作,4.2,100635.24
2023-06-01,西南,服装服饰,2114,6568.81,0.86,0,0,0.82,常规促销,4.9,52469.7
2023-06-01,华北,服装服饰,1749,4340.02,0.79,0,0,0.97,无动作,4.9,47257.96
2023-06-02,华北,3C数码,2093,1916.17,0.75,0,0,0.76,常规促销,4.7,98592.28
2023-06-02,西南,3C数码,2189,2648.96,0.95,0,0,0.68,无动作,4.4,102863.32
2023-06-02,华北,美妆个护,3689,7527.53,0.91,0,0,0.57,无动作,4.2,70237.26
2023-06-03,华北,美妆个护,4534,7016.52,0.95,1,0,0.49,降价阻击,4.0,69894.51
2023-06-03,华东,服装服饰,4430,5968.5,0.82,1,0,0.48,无动作,4.9,48199.66
2023-06-03,华东,3C数码,6515,4375.58,0.7,1,0,0.71,无动作,4.4,252986.84
2023-06-04,西南,美妆个护,6742,4642.27,0.89,1,0,0.8,无动作,4.4,184734.85
2023-06-04,华北,美妆个护,5173,7826.71,0.72,1,0,0.74,降价阻击,3.8,121138.25
2023-06-05,华北,服装服饰,3416,7760.39,0.8,0,0,0.36,无动作,3.6,31729.52
2023-06-06,华南,美妆个护,4932,2506.88,0.67,0,0,0.6,无动作,4.9,74966.89
2023-06-06,华东,服装服饰,2607,6677.73,0.94,0,0,0.83,无动作,4.0,53598.57
2023-06-06,华东,服装服饰,4748,2380.7,0.69,0,0,0.58,无动作,4.2,63279.02
2023-06-06,华北,食品饮料,1048,2494.76,0.97,0,0,0.63,无动作,3.7,1000.0
2023-06-07,华南,服装服饰,2075,5732.65,0.95,0,0,0.82,常规促销,4.8,59627.64
2023-06-07,华东,服装服饰,2312,3835.01,0.81,0,0,0.73,降价阻击,3.5,37904.03
2023-06-07,华南,食品饮料,4861,7520.81,0.91,0,0,0.53,无动作,4.8,41776.91
2023-06-08,华东,美妆个护,2649,1623.07,0.87,0,0,0.92,无动作,3.7,77955.09
2023-06-09,华南,3C数码,4310,4580.68,0.93,0,0,0.33,无动作,4.8,64815.13
2023-06-09,华东,3C数码,3180,7429.65,0.8,0,0,1.0,无动作,4.6,216455.1
2023-06-09,华北,3C数码,4046,7328.8,0.93,0,0,0.3,常规促销,3.7,87044.59
2023-06-09,华东,美妆个护,3833,2095.7,0.81,0,0,0.21,无动作,4.3,32703.85
2023-06-09,华南,服装服饰,2189,3566.46,0.98,0,0,0.91,无动作,4.0,46267.41
2023-06-09,华东,3C数码,2397,5333.85,0.82,0,0,0.4,常规促销,3.8,64946.91
2023-06-09,华东,食品饮料,3420,2115.76,0.81,0,0,0.78,无动作,4.8,24113.88
2023-06-10,华南,服装服饰,4495,7776.16,0.92,1,0,0.85,常规促销,4.1,95514.9
2023-06-10,华南,服装服饰,6548,7403.25,0.94,1,0,0.89,无动作,4.1,147469.58
2023-06-10,华北,服装服饰,6205,2168.65,0.84,1,0,0.99,常规促销,3.8,121903.8
2023-06-10,华东,美妆个护,3188,1848.09,0.71,1,0,0.44,降价阻击,4.1,32138.95
2023-06-10,华北,3C数码,4773,1597.86,0.81,1,0,0.77,常规促销,4.8,191625.08
2023-06-11,西南,服装服饰,6394,7366.11,0.99,1,0,0.29,降价阻击,4.0,23977.83
2023-06-11,华北,美妆个护,5544,2355.37,0.91,1,0,0.53,无动作,4.9,98178.16
2023-06-12,华东,服装服饰,1681,3913.99,0.93,0,0,0.88,无动作,4.9,51341.3
2023-06-12,华南,服装服饰,4706,4141.96,0.66,0,0,0.49,常规促销,3.7,48126.27
2023-06-12,华东,服装服饰,3735,5193.08,0.81,0,0,0.67,无动作,3.8,47205.71
2023-06-12,华东,3C数码,2323,1502.15,0.88,0,0,0.6,无动作,4.8,83733.13
2023-06-13,西北,3C数码,1081,2587.31,0.94,0,0,0.72,无动作,4.1,72089.82
2023-06-13,华东,服装服饰,1086,7520.43,0.67,0,0,0.98,无动作,3.5,39122.51
2023-06-13,华南,服装服饰,3272,7358.87,0.95,0,0,0.24,无动作,3.9,17406.86
2023-06-14,华北,3C数码,3063,6469.03,0.84,0,0,0.66,无动作,4.4,136861.84
2023-06-14,华北,美妆个护,1821,1135.81,0.72,0,0,0.89,常规促销,4.7,64990.72
2023-06-14,华南,食品饮料,4429,3289.05,0.76,0,0,0.59,无动作,3.7,23742.86
2023-06-14,华东,美妆个护,1162,5395.71,0.75,0,0,0.26,无动作,3.7,5238.08
2023-06-15,华东,食品饮料,4681,2926.33,0.84,0,0,0.65,无动作,4.9,37240.24
2023-06-16,华南,服装服饰,4739,7367.11,0.67,0,0,0.47,无动作,4.6,59167.08
2023-06-16,华东,食品饮料,3561,5437.23,0.71,0,0,0.32,常规促销,4.4,13616.67
2023-06-17,华南,3C数码,5890,1503.35,0.93,1,0,0.88,无动作,4.7,272593.52
2023-06-17,华东,食品饮料,4677,7363.04,0.7,1,0,0.62,无动作,4.1,44995.76
2023-06-17,华东,食品饮料,5402,7704.37,0.73,1,0,0.95,常规促销,4.6,68041.01
2023-06-18,华南,美妆个护,10713,1543.99,0.81,1,1,0.84,无动作,4.1,294805.11
2023-06-19,华东,食品饮料,2850,4726.52,0.83,0,0,0.75,无动作,3.9,26946.46
2023-06-19,华南,服装服饰,2860,3123.55,0.92,0,0,0.2,无动作,4.6,2575.41
2023-06-19,华北,服装服饰,4446,3749.87,0.81,0,0,0.54,降价阻击,4.1,47378.42
2023-06-19,西南,服装服饰,2115,2257.56,0.93,0,0,0.36,无动作,5.0,16086.34
2023-06-19,华东,服装服饰,3228,5046.5,0.87,0,0,0.93,无动作,4.0,70269.64
2023-06-19,华东,3C数码,3790,7705.86,0.69,0,0,0.34,无动作,4.9,81382.69
2023-06-20,华东,美妆个护,4372,4521.51,0.7,0,0,0.43,无动作,4.9,62726.75
2023-06-21,华北,食品饮料,3707,1580.4,0.8,0,0,0.61,无动作,3.9,30411.66
2023-06-21,华北,3C数码,4863,5340.01,0.79,0,0,0.41,无动作,4.7,117000.59
2023-06-21,华东,美妆个护,4260,3381.56,0.91,0,0,0.37,无动作,4.1,50669.53
2023-06-21,西南,食品饮料,2882,6991.48,0.85,0,0,0.68,降价阻击,4.9,27567.35
2023-06-21,华东,食品饮料,4933,4042.75,0.79,0,0,0.27,常规促销,4.2,17607.33
2023-06-22,华南,食品饮料,4385,2349.88,0.71,0,0,0.25,无动作,4.6,7857.47
2023-06-22,华北,服装服饰,3540,2337.74,0.73,0,0,0.5,常规促销,4.2,36367.64
2023-06-22,西南,食品饮料,1922,6381.35,0.85,0,0,0.78,无动作,3.8,21893.37
2023-06-22,华北,美妆个护,4993,2859.11,0.8,0,0,0.64,无动作,3.8,103996.96
2023-06-22,西南,3C数码,3175,6370.63,0.83,0,0,0.54,常规促销,4.1,107876.57
2023-06-22,华东,服装服饰,4590,2441.21,0.71,0,0,0.65,常规促销,4.6,58137.19
2023-06-23,西南,美妆个护,2449,3251.8,0.88,0,0,0.49,常规促销,4.4,59315.17
2023-06-23,华东,服装服饰,2582,4258.41,0.95,0,0,0.95,无动作,4.5,70022.1
2023-06-24,西南,美妆个护,3168,7602.37,0.74,1,0,0.24,降价阻击,3.9,20646.08
2023-06-25,华南,美妆个护,6323,7522.12,0.82,1,0,0.74,无动作,4.2,173161.3
2023-06-25,西南,3C数码,6416,2448.1,0.99,1,0,0.91,常规促销,3.6,318104.37
2023-06-26,华南,服装服饰,3500,3507.53,0.77,0,0,0.84,降价阻击,4.7,55692.28
2023-06-26,华北,美妆个护,1470,2045.8,0.86,0,0,0.35,无动作,5.0,20556.05
2023-06-26,华南,服装服饰,1987,4569.9,0.68,0,0,0.44,常规促销,4.1,32636.14
2023-06-26,华北,3C数码,3785,4224.08,0.86,0,0,0.77,无动作,3.5,169969.61
2023-06-27,华东,3C数码,4636,7305.32,0.68,0,0,0.27,无动作,3.8,73957.83
2023-06-27,华东,服装服饰,2934,7510.04,0.99,0,0,0.85,无动作,4.5,79049.98
2023-06-27,华东,食品饮料,1223,3684.97,0.9,0,0,0.78,无动作,4.4,16771.07
2023-06-28,华东,服装服饰,3201,4442.17,0.93,0,0,0.78,降价阻击,4.7,49390.14
2023-06-28,西南,美妆个护,3607,7273.65,0.9,0,0,0.28,常规促销,3.9,41910.36
2023-06-28,华东,服装服饰,1350,6646.95,0.86,0,0,0.77,无动作,4.6,37416.36
2023-06-28,西北,服装服饰,4218,1025.59,0.81,0,0,0.74,常规促销,4.5,62259.63
2023-06-29,华东,美妆个护,2928,3240.42,0.95,0,0,0.86,降价阻击,4.0,66449.78
2023-06-29,华东,美妆个护,4647,3952.42,0.98,0,0,0.23,无动作,4.3,29655.81
2023-06-29,华北,3C数码,1348,2608.01,0.82,0,0,0.22,降价阻击,3.7,7905.83
2023-06-29,华北,服装服饰,1181,2397.0,0.98,0,0,0.5,无动作,4.2,6003.58
2023-06-29,华南,3C数码,1636,1264.49,0.85,0,0,0.32,常规促销,4.8,22972.16
2023-06-30,华南,服装服饰,2017,5503.59,0.84,0,0,0.65,无动作,4.1,36309.76
2023-06-30,华北,美妆个护,3226,2837.57,0.81,0,0,0.93,无动作,4.8,100541.25
2023-07-01,华东,3C数码,5488,1366.43,0.72,1,0,0.51,无动作,4.4,145143.86
2023-07-02,西北,服装服饰,4516,2616.86,0.65,1,0,0.88,常规促销,3.8,69787.93
2023-07-02,西北,服装服饰,6170,6613.4,0.73,1,0,0.2,无动作,4.4,41610.27
2023-07-03,华北,食品饮料,4074,6960.42,0.83,0,0,0.33,无动作,4.3,25291.23
2023-07-03,华东,食品饮料,2015,4381.46,0.78,0,0,0.22,无动作,4.1,9468.48
2023-07-03,华北,3C数码,3111,3912.49,0.81,0,0,0.46,降价阻击,3.7,82229.92
2023-07-03,华东,美妆个护,1028,7844.98,0.99,0,0,0.93,无动作,4.1,60538.79
2023-07-04,华东,服装服饰,3419,2403.95,0.77,0,0,0.28,无动作,3.6,35592.56
2023-07-05,华东,服装服饰,4594,2507.51,0.81,0,0,0.69,无动作,3.6,58334.08
2023-07-05,华南,美妆个护,3144,3043.07,0.7,0,0,0.56,无动作,4.1,60123.44
2023-07-05,西南,食品饮料,2893,2209.3,0.67,0,0,0.95,常规促销,4.0,19083.67
2023-07-06,华北,食品饮料,2465,3655.56,0.92,0,0,0.3,常规促销,4.9,9318.6
2023-07-06,华北,服装服饰,2226,7375.84,0.85,0,0,0.37,无动作,4.1,28243.3
2023-07-06,华南,服装服饰,4482,5307.43,0.92,0,0,0.22,无动作,4.6,21629.45
2023-07-06,华东,美妆个护,4040,3883.63,0.7,0,0,0.55,常规促销,4.3,78779.3
2023-07-06,华南,服装服饰,3068,7540.88,0.85,0,0,0.42,无动作,4.6,36109.42
2023-07-07,西北,服装服饰,4622,1339.25,0.74,0,0,0.9,常规促销,3.9,78326.02
2023-07-07,华东,服装服饰,3782,2471.93,0.73,0,0,0.68,常规促销,4.9,49618.77
2023-07-07,西南,美妆个护,2125,4961.22,0.65,0,0,0.69,常规促销,4.3,64435.31
2023-07-08,华南,服装服饰,5582,5308.87,0.7,1,0,0.63,无动作,4.7,76452.96
2023-07-08,华南,3C数码,3820,1276.9,0.76,1,0,0.27,无动作,4.0,64614.58
2023-07-09,华北,食品饮料,4929,3821.27,0.69,1,0,0.56,降价阻击,3.7,35025.28
2023-07-09,华南,3C数码,6906,5544.08,1.0,1,0,1.0,无动作,4.5,382905.43
2023-07-09,西南,服装服饰,3751,5886.49,0.76,1,0,0.87,常规促销,3.5,94628.14
2023-07-09,西南,服装服饰,2454,5466.98,0.7,1,0,0.91,无动作,4.2,82270.32
2023-07-09,华南,3C数码,5430,3243.94,0.72,1,0,0.86,常规促销,3.8,261038.59
2023-07-09,华东,3C数码,4036,1654.64,0.86,1,0,0.28,无动作,4.4,68689.27
2023-07-10,华南,3C数码,1446,3989.79,0.67,0,0,0.38,无动作,5.0,46826.45
2023-07-10,西南,食品饮料,3658,1901.28,0.95,0,0,0.2,无动作,4.2,5611.85
2023-07-10,华东,服装服饰,4362,7633.37,0.99,0,0,0.44,常规促销,4.7,49859.91
2023-07-11,华北,食品饮料,3718,4326.2,0.74,0,0,0.29,常规促销,4.3,1739.9
2023-07-11,华北,服装服饰,4483,3220.81,0.81,0,0,0.58,无动作,4.2,56767.09
2023-07-11,华北,服装服饰,3662,6364.13,0.66,0,0,0.74,无动作,4.9,69868.74
2023-07-11,华东,服装服饰,3944,4485.64,0.87,0,0,0.9,常规促销,4.8,85811.55
2023-07-11,华北,服装服饰,1280,3170.24,0.79,0,0,0.8,无动作,4.7,37567.21
2023-07-11,西南,美妆个护,4114,6683.77,0.74,0,0,0.95,无动作,3.9,135413.9
2023-07-11,华东,服装服饰,4557,7070.07,0.72,0,0,0.24,无动作,4.3,21795.64
2023-07-13,华东,服装服饰,1595,5711.06,0.88,0,0,0.21,无动作,3.8,25946.07
2023-07-13,西北,食品饮料,2986,1328.75,0.8,0,0,0.73,无动作,4.2,21461.32
2023-07-13,华东,食品饮料,3750,4964.26,0.71,0,0,0.43,无动作,4.2,20258.11
2023-07-14,西南,食品饮料,2074,6343.06,0.89,0,0,0.4,无动作,4.7,11933.28
2023-07-14,华南,服装服饰,4969,1955.52,0.85,0,0,0.46,无动作,4.8,40063.27
2023-07-14,华东,美妆个护,1209,2600.7,0.95,0,0,0.42,无动作,4.1,35094.14
2023-07-15,西南,服装服饰,3604,7177.47,0.69,1,0,0.61,无动作,3.5,56120.75
2023-07-15,华南,服装服饰,4414,1140.85,0.92,1,0,0.55,无动作,4.8,44524.06
2023-07-15,华南,服装服饰,7078,6269.09,0.89,1,0,0.61,常规促销,3.8,95631.37
2023-07-16,华南,服装服饰,5106,4316.41,0.69,1,0,0.74,无动作,4.4,70975.95
2023-07-16,华南,3C数码,3229,4127.41,0.89,1,0,0.51,无动作,3.5,102685.57
2023-07-17,华东,服装服饰,1580,1049.68,0.8,0,0,0.4,无动作,4.1,6330.56
2023-07-17,华南,食品饮料,3824,6735.79,0.98,0,0,0.33,无动作,5.0,20954.09
2023-07-17,西北,服装服饰,3305,3518.77,0.7,0,0,0.48,无动作,3.7,30037.92
2023-07-17,华东,3C数码,2211,4785.36,0.87,0,0,0.79,无动作,4.1,124924.32
2023-07-17,华北,3C数码,1229,5741.1,0.78,0,0,0.81,常规促销,4.0,99210.61
2023-07-18,华东,食品饮料,1188,5918.41,0.98,0,0,0.73,无动作,4.9,22921.48
2023-07-20,华北,服装服饰,4486,7691.86,0.77,0,0,0.39,降价阻击,4.8,32548.52
2023-07-20,华东,服装服饰,3057,4719.38,0.99,0,0,0.67,无动作,3.9,52408.38
2023-07-20,西北,美妆个护,4185,3798.04,0.97,0,0,0.66,无动作,3.6,81074.19
2023-07-21,华南,美妆个护,4147,7675.93,0.74,0,0,0.59,无动作,4.4,90228.56
2023-07-21,华东,服装服饰,3723,5494.77,0.93,0,0,0.64,无动作,4.0,51112.5
2023-07-21,华东,美妆个护,1501,3087.05,1.0,0,0,0.59,无动作,4.5,43297.26
2023-07-21,华东,美妆个护,3132,1885.25,0.74,0,0,0.65,常规促销,3.5,84790.45
2023-07-22,华南,美妆个护,3040,6897.88,0.8,1,0,0.77,无动作,3.7,106693.34
2023-07-22,华东,3C数码,6894,3535.27,0.83,1,0,0.29,降价阻击,4.5,70961.76
2023-07-22,西南,食品饮料,6262,5623.29,0.75,1,0,0.8,常规促销,3.8,54646.77
2023-07-23,华南,服装服饰,5340,4295.71,0.66,1,0,0.31,无动作,4.8,38631.37
2023-07-24,华东,服装服饰,1688,2392.51,0.73,0,0,0.25,无动作,3.6,10859.87
2023-07-24,华北,服装服饰,1386,5211.81,0.75,0,0,0.98,无动作,3.8,37585.91
2023-07-25,华北,3C数码,1969,1424.78,0.81,0,0,0.97,无动作,5.0,107948.89
2023-07-25,华东,3C数码,4460,3893.4,0.71,0,0,0.25,无动作,4.1,50365.54
2023-07-26,华东,美妆个护,2005,4826.3,0.96,0,0,0.55,无动作,4.6,39512.47
2023-07-26,华东,3C数码,3265,4052.33,0.9,0,0,0.35,无动作,3.8,72690.09
2023-07-26,华北,服装服饰,2724,6240.71,0.68,0,0,0.59,无动作,4.4,34074.01
2023-07-27,华北,服装服饰,3004,6795.47,0.88,0,0,0.86,降价阻击,4.6,59950.79
2023-07-27,华南,3C数码,4052,6398.7,0.88,0,0,0.96,常规促销,4.0,226639.11
2023-07-27,西南,食品饮料,4417,1271.69,0.98,0,0,0.71,降价阻击,4.7,39833.08
2023-07-31,西南,服装服饰,4301,2358.9,0.65,0,0,0.48,无动作,4.4,36005.99
2023-07-31,华南,服装服饰,3302,4756.25,0.74,0,0,0.68,无动作,4.1,51377.83
2023-07-31,西南,服装服饰,3283,7543.75,0.97,0,0,0.45,无动作,4.3,42926.88
2023-08-01,华东,服装服饰,4097,6844.7,0.98,0,0,0.93,无动作,4.4,90762.71
2023-08-01,华东,3C数码,2607,6897.74,0.9,0,0,0.9,无动作,3.7,167877.35
2023-08-01,华东,美妆个护,4332,3122.46,0.92,0,0,0.65,常规促销,4.1,96422.38
2023-08-02,华东,食品饮料,2789,4006.14,0.68,0,0,0.46,常规促销,4.0,22767.42
2023-08-02,华南,服装服饰,1270,4294.94,0.83,0,0,0.43,无动作,4.1,23617.47
2023-08-02,西南,美妆个护,1122,2101.6,0.73,0,0,0.23,无动作,4.6,8714.05
2023-08-03,华东,美妆个护,3703,1217.48,0.71,0,0,0.85,无动作,4.2,93076.78
2023-08-03,华东,美妆个护,2280,7628.32,0.93,0,0,0.56,无动作,4.9,78223.39
2023-08-03,华南,服装服饰,4727,2684.99,0.7,0,0,0.46,无动作,3.9,52422.19
2023-08-03,西南,服装服饰,2444,2679.64,0.81,0,0,0.58,无动作,4.1,25400.54
2023-08-03,华东,服装服饰,1258,1583.65,0.98,0,0,0.85,无动作,4.7,28935.48
2023-08-04,华南,美妆个护,1947,7499.55,0.72,0,0,0.3,降价阻击,4.3,19515.76
2023-08-04,华东,美妆个护,3094,5058.16,0.99,0,0,0.89,无动作,4.3,103454.65
2023-08-04,华东,3C数码,1862,5669.26,1.0,0,0,0.92,常规促销,3.6,122617.89
2023-08-05,西北,服装服饰,2851,7381.04,0.84,1,0,0.96,无动作,4.1,80649.73
2023-08-05,西北,食品饮料,4013,3419.34,0.71,1,0,0.52,无动作,3.9,39115.07
2023-08-05,华东,美妆个护,2269,5350.55,0.76,1,0,0.37,无动作,5.0,43048.74
2023-08-05,西北,食品饮料,6068,1271.6,0.8,1,0,0.5,无动作,4.0,11802.49
2023-08-05,华北,美妆个护,6099,2307.41,0.76,1,0,0.47,无动作,4.8,101620.11
2023-08-05,西南,服装服饰,3612,6818.72,0.75,1,0,0.34,常规促销,4.5,42255.28
2023-08-06,华南,服装服饰,7221,6367.38,0.99,1,0,0.69,常规促销,4.0,112248.16
2023-08-06,华南,美妆个护,3174,3454.5,0.7,1,0,0.58,无动作,4.3,74618.97
2023-08-06,华南,3C数码,5232,3637.67,0.91,1,0,0.89,无动作,4.8,260909.22
2023-08-06,华北,服装服饰,6387,4734.88,0.65,1,0,0.23,降价阻击,4.8,22386.4
2023-08-06,华东,美妆个护,6096,1001.69,0.86,1,0,0.72,无动作,3.7,149473.89
2023-08-08,华东,3C数码,2721,2688.71,0.97,0,0,0.81,无动作,4.0,126580.46
2023-08-08,华东,美妆个护,4901,2457.62,0.75,0,0,0.81,无动作,4.0,107189.6
2023-08-08,华北,服装服饰,1357,2753.38,0.71,0,0,0.91,常规促销,3.6,31739.71
2023-08-08,华东,食品饮料,4245,6641.34,0.88,0,0,0.78,降价阻击,4.4,31614.87
2023-08-08,华北,3C数码,2240,2957.72,0.9,0,0,0.94,无动作,4.8,138143.0
2023-08-08,西北,服装服饰,2930,2340.65,0.89,0,0,0.47,常规促销,4.1,30840.98
2023-08-08,华东,美妆个护,1455,4529.84,0.76,0,0,0.6,常规促销,4.6,35807.03
2023-08-09,华北,服装服饰,3823,7059.52,0.74,0,0,0.21,无动作,4.4,28351.6
2023-08-10,华南,美妆个护,2632,2689.45,0.98,0,0,0.21,无动作,4.1,20514.67
2023-08-10,西南,美妆个护,1628,1549.75,0.97,0,0,0.39,无动作,3.7,17234.38
2023-08-10,华东,3C数码,4270,3494.83,0.81,0,0,0.28,降价阻击,4.6,61263.12
2023-08-11,华北,服装服饰,3879,6233.56,0.95,0,0,0.41,无动作,4.8,40953.94
2023-08-11,西南,服装服饰,1485,4854.83,0.81,0,0,0.34,常规促销,4.5,15570.91
2023-08-11,西南,服装服饰,3580,6717.55,0.8,0,0,0.22,无动作,3.5,21295.02
2023-08-11,华北,食品饮料,1199,7717.15,0.7,0,0,0.93,常规促销,3.8,13883.17
2023-08-11,华南,美妆个护,1370,6548.64,0.8,0,0,0.21,无动作,3.6,11182.47
2023-08-12,华北,美妆个护,4128,5226.62,0.84,1,0,0.79,无动作,4.4,123473.88
2023-08-12,西南,美妆个护,5940,4453.39,0.66,1,0,0.32,常规促销,4.6,62311.9
2023-08-12,华南,服装服饰,6113,1280.48,0.81,1,0,0.93,常规促销,3.7,129133.9
2023-08-12,华东,食品饮料,5365,7890.25,0.92,1,0,0.91,常规促销,4.8,63865.54
2023-08-13,西南,美妆个护,2722,3684.37,0.89,1,0,0.72,无动作,4.3,86572.37
2023-08-13,华北,美妆个护,4321,2065.6,0.87,1,0,0.74,常规促销,4.5,108842.31
2023-08-13,华北,食品饮料,5796,5666.96,0.97,1,0,0.2,无动作,5.0,22250.34
2023-08-13,华东,服装服饰,5181,2990.02,0.66,1,0,0.99,无动作,3.6,116373.42
2023-08-13,华北,美妆个护,6126,5100.45,0.84,1,0,0.9,无动作,4.9,190096.16
2023-08-14,华南,3C数码,3078,5107.38,0.93,0,0,0.92,无动作,3.7,178020.95
2023-08-14,华北,服装服饰,2521,4120.11,0.84,0,0,0.73,无动作,4.1,38283.57
2023-08-14,华东,服装服饰,2272,6852.83,0.76,0,0,0.48,降价阻击,4.8,29430.45
2023-08-15,华北,食品饮料,1604,2854.77,0.7,0,0,0.91,无动作,4.9,17973.58
2023-08-15,西北,食品饮料,4848,4140.43,0.96,0,0,0.43,常规促销,4.3,19087.4
2023-08-15,华东,美妆个护,4342,4763.84,0.81,0,0,0.65,无动作,4.4,104685.7
2023-08-15,西北,美妆个护,4677,5645.37,0.96,0,0,0.28,无动作,4.6,35824.34
2023-08-15,华南,服装服饰,2689,6487.8,0.86,0,0,0.94,无动作,4.7,66017.85
2023-08-16,西南,食品饮料,2417,3763.65,0.89,0,0,0.31,降价阻击,3.7,15716.08
2023-08-16,华北,服装服饰,2820,5522.33,0.93,0,0,0.38,常规促销,4.7,30644.74
2023-08-16,华南,服装服饰,1501,2054.28,0.88,0,0,0.65,降价阻击,4.2,19326.27
2023-08-17,华北,3C数码,4663,7528.54,0.79,0,0,0.81,降价阻击,4.2,184803.69
2023-08-17,西南,美妆个护,4875,3681.41,0.83,0,0,0.7,无动作,4.1,111609.73
2023-08-17,华南,美妆个护,4155,6106.65,0.93,0,0,0.39,无动作,4.3,46699.44
2023-08-17,华东,服装服饰,4436,1142.39,0.78,0,0,0.2,常规促销,4.9,14822.23
2023-08-17,华北,3C数码,3933,2436.31,0.79,0,0,0.81,无动作,4.3,181081.47
2023-08-17,西南,美妆个护,1548,4409.58,0.68,0,0,0.99,无动作,4.9,59929.76
2023-08-18,华北,3C数码,2365,7147.77,0.97,0,0,0.85,无动作,3.8,148892.49
2023-08-18,华北,美妆个护,1838,4690.79,0.68,0,0,0.57,无动作,4.6,38565.4
2023-08-19,华南,食品饮料,3915,7509.09,0.88,1,0,0.92,无动作,4.7,48991.51
2023-08-19,西南,服装服饰,5115,4386.58,0.79,1,0,0.53,无动作,4.5,58481.63
2023-08-19,华东,服装服饰,7328,4433.14,0.79,1,0,0.62,无动作,4.4,103239.04
2023-08-19,华南,美妆个护,6551,1838.23,0.89,1,0,0.58,无动作,4.3,122296.08
2023-08-19,华东,美妆个护,3982,6618.59,0.67,1,0,0.56,无动作,4.8,93453.03
2023-08-19,华东,服装服饰,3021,2728.76,0.86,1,0,0.82,无动作,4.7,53863.71
2023-08-21,华南,食品饮料,1411,7297.29,0.92,0,0,0.62,常规促销,3.7,13860.67
2023-08-21,华南,3C数码,3479,7375.77,0.94,0,0,0.45,无动作,4.8,101968.68
2023-08-21,华北,服装服饰,1677,7603.17,0.71,0,0,0.41,无动作,4.1,26963.78
2023-08-21,华南,美妆个护,1158,4641.61,0.96,0,0,0.23,常规促销,3.9,7728.9
2023-08-21,华南,食品饮料,3061,5739.66,0.88,0,0,0.67,无动作,4.8,33641.29
2023-08-21,华东,3C数码,1372,6449.61,0.96,0,0,0.38,无动作,4.1,57505.04
2023-08-21,华南,美妆个护,3272,1917.1,0.82,0,0,0.32,常规促销,4.7,25452.25
2023-08-21,华东,服装服饰,4576,5206.7,0.84,0,0,0.72,无动作,3.9,71239.17
2023-08-22,华东,服装服饰,2096,1240.09,0.97,0,0,0.74,常规促销,3.5,30808.92
2023-08-23,华北,3C数码,4320,4482.96,0.96,0,0,0.8,常规促销,4.2,218630.03
2023-08-23,华北,食品饮料,3558,2083.9,0.81,0,0,0.6,常规促销,3.7,19124.24
2023-08-24,华北,3C数码,1602,2280.46,0.75,0,0,0.92,无动作,4.6,102970.29
2023-08-24,华南,服装服饰,1215,3555.33,0.79,0,0,0.95,无动作,3.9,24384.77
2023-08-24,华南,服装服饰,2996,4027.06,0.79,0,0,0.85,无动作,4.2,52256.5
2023-08-24,西南,食品饮料,4673,5362.21,0.75,0,0,0.71,无动作,3.6,31998.56
2023-08-25,华南,美妆个护,2564,1521.0,0.74,0,0,0.44,无动作,3.9,28994.08
2023-08-25,华南,美妆个护,2840,4525.84,0.95,0,0,0.99,无动作,4.7,103919.5
2023-08-25,华东,服装服饰,2962,2278.38,0.67,0,0,0.42,无动作,3.7,20843.46
2023-08-25,华东,美妆个护,4035,5017.83,0.89,0,0,0.36,无动作,4.5,44412.93
2023-08-26,华南,服装服饰,6321,5461.83,0.71,1,0,0.55,无动作,4.9,88432.77
2023-08-26,华南,美妆个护,6652,4896.96,0.77,1,0,0.25,无动作,4.5,65654.95
2023-08-26,华南,食品饮料,3393,6168.07,0.67,1,0,0.98,常规促销,4.7,52453.05
2023-08-27,华南,3C数码,4464,3349.26,0.74,1,0,0.67,无动作,3.7,177021.23
2023-08-27,华北,美妆个护,6294,6355.75,0.92,1,0,0.65,无动作,3.9,145838.91
2023-08-27,华北,3C数码,5476,4029.37,0.96,1,0,0.72,降价阻击,4.8,178500.53
2023-08-27,西南,服装服饰,7476,4389.29,0.73,1,0,0.6,无动作,4.6,89641.78
2023-08-27,华北,服装服饰,3431,5536.71,0.81,1,0,0.23,无动作,4.5,24043.49
2023-08-28,西北,服装服饰,1675,1128.51,0.81,0,0,0.69,无动作,4.5,16360.88
2023-08-28,华东,服装服饰,3920,5577.96,0.96,0,0,0.77,常规促销,4.1,65113.53
2023-08-28,华东,美妆个护,1282,5330.1,0.92,0,0,0.53,无动作,3.6,44849.9
2023-08-29,华东,服装服饰,2081,3168.93,0.83,0,0,0.81,无动作,4.7,57000.44
2023-08-30,华北,美妆个护,4885,1600.56,0.88,0,0,0.38,无动作,4.5,59607.31
2023-08-30,西南,服装服饰,3881,1636.55,0.95,0,0,0.38,常规促销,4.2,39797.13
2023-08-30,华东,3C数码,3584,7462.57,0.65,0,0,0.33,无动作,4.8,73095.2
2023-08-30,西南,美妆个护,4144,5824.96,0.79,0,0,0.5,无动作,4.0,62636.51
2023-08-31,华东,服装服饰,2908,1889.72,0.97,0,0,0.88,常规促销,3.9,61644.26
2023-08-31,西南,服装服饰,3970,3497.06,0.91,0,0,0.86,无动作,4.8,80712.12
2023-09-01,华南,美妆个护,2152,5147.38,0.84,0,0,0.51,常规促销,4.7,45986.51
2023-09-03,华东,服装服饰,6671,6849.0,0.84,1,0,0.67,无动作,4.3,102855.9
2023-09-03,华南,3C数码,5138,1305.63,0.77,1,0,0.78,常规促销,3.7,221166.17
2023-09-04,华东,服装服饰,4497,2656.43,0.83,0,0,0.39,无动作,3.8,29029.62
2023-09-04,华东,食品饮料,1947,7228.24,0.88,0,0,0.33,常规促销,4.5,4156.88
2023-09-04,华东,美妆个护,1664,1064.16,0.8,0,0,0.98,降价阻击,4.1,35199.38
2023-09-04,西南,美妆个护,2717,2409.79,0.9,0,0,0.69,无动作,4.8,64617.77
2023-09-04,华南,美妆个护,2148,7713.17,0.95,0,0,0.99,无动作,4.9,93494.77
2023-09-04,华东,3C数码,1066,5293.81,0.7,0,0,0.47,无动作,4.7,39247.96
2023-09-06,华北,服装服饰,3053,2831.7,0.81,0,0,0.76,无动作,4.1,46233.03
2023-09-06,华北,美妆个护,1636,1468.94,0.79,0,0,0.38,无动作,4.7,19259.7
2023-09-06,华东,3C数码,1313,1197.34,0.89,0,0,0.41,无动作,4.0,20698.04
2023-09-06,华南,服装服饰,4397,2713.22,0.74,0,0,0.61,无动作,3.8,56760.79
2023-09-07,华东,服装服饰,1564,7170.4,0.87,0,0,0.46,无动作,3.6,35425.3
2023-09-07,华东,服装服饰,2601,3911.4,0.96,0,0,0.33,无动作,4.1,22585.07
2023-09-07,华北,食品饮料,1825,6042.33,0.8,0,0,0.41,常规促销,4.9,23748.65
2023-09-08,华东,3C数码,3553,7428.0,0.97,0,0,0.23,无动作,3.9,64802.54
2023-09-08,华南,服装服饰,2105,3856.28,1.0,0,0,0.76,无动作,3.8,48996.65
2023-09-09,华北,3C数码,7609,2338.94,0.69,1,0,0.59,无动作,5.0,232955.87
2023-09-09,华东,食品饮料,4643,4619.83,0.73,1,0,0.28,无动作,3.5,15641.46
2023-09-09,华南,3C数码,5514,7356.59,0.98,1,0,0.34,无动作,4.7,123673.97
2023-09-09,华东,服装服饰,3040,6630.62,0.99,1,0,0.28,无动作,4.0,22161.27
2023-09-09,西北,美妆个护,4734,1460.81,0.68,1,0,0.69,无动作,3.6,89902.9
2023-09-09,华南,美妆个护,5322,5848.01,0.66,1,0,0.28,常规促销,4.9,56894.1
2023-09-09,西南,服装服饰,6008,5003.28,0.71,1,0,0.8,无动作,3.7,100294.25
2023-09-10,华南,服装服饰,4029,7352.24,1.0,1,0,0.22,常规促销,4.3,16736.88
2023-09-10,华东,服装服饰,4165,1857.37,0.71,1,0,0.4,常规促销,3.9,37008.23
2023-09-10,华北,服装服饰,4153,4738.25,0.83,1,0,0.91,常规促销,3.6,92926.14
2023-09-10,西北,服装服饰,6348,7156.24,0.95,1,0,0.77,降价阻击,3.6,82789.98
2023-09-10,华北,服装服饰,5734,3870.17,0.66,1,0,0.26,无动作,3.7,34443.65
2023-09-10,西南,服装服饰,5175,4373.96,0.86,1,0,0.86,无动作,3.6,111835.71
2023-09-11,西南,服装服饰,2920,1493.22,0.75,0,0,0.59,常规促销,4.6,26844.27
2023-09-11,华东,美妆个护,3164,2947.01,0.95,0,0,0.88,无动作,4.2,105700.92
2023-09-11,华东,食品饮料,1627,3271.55,0.75,0,0,0.68,无动作,4.0,1991.91
2023-09-11,华北,美妆个护,1748,7615.86,0.89,0,0,0.75,常规促销,4.1,84875.94
2023-09-12,华南,3C数码,4549,2978.67,0.89,0,0,0.99,常规促销,4.9,237696.32
2023-09-12,西南,3C数码,1104,4226.08,0.73,0,0,0.39,降价阻击,4.9,29016.75
2023-09-12,西南,食品饮料,3542,5699.13,0.66,0,0,0.7,降价阻击,4.6,8575.31
2023-09-13,华南,服装服饰,4842,2135.28,0.79,0,0,0.57,常规促销,4.8,55870.15
2023-09-13,华东,3C数码,1045,4405.1,0.75,0,0,0.23,无动作,4.0,22199.43
2023-09-14,华北,服装服饰,3870,6169.77,0.93,0,0,0.21,常规促销,4.1,19365.34
2023-09-14,华东,美妆个护,2354,7067.99,0.93,0,0,0.3,无动作,4.4,27142.31
2023-09-14,西南,美妆个护,2239,5383.81,0.81,0,0,0.72,无动作,4.4,58706.75
2023-09-15,华南,服装服饰,1981,5683.37,0.86,0,0,0.65,常规促销,4.2,46845.15
2023-09-15,华北,3C数码,1959,1883.98,0.86,0,0,0.64,无动作,4.1,73190.83
2023-09-16,华东,食品饮料,4828,7620.44,0.94,1,0,0.23,无动作,5.0,26814.11
2023-09-16,华北,服装服饰,5733,1928.02,0.8,1,0,0.58,无动作,4.7,67029.64
2023-09-16,华南,美妆个护,6395,6422.71,0.75,1,0,0.94,常规促销,4.2,206414.48
2023-09-16,华南,美妆个护,4949,2853.71,0.74,1,0,0.52,无动作,4.6,92768.08
2023-09-16,华东,美妆个护,5016,7535.15,0.84,1,0,0.7,常规促销,3.9,121404.1
2023-09-16,华北,服装服饰,5910,6039.72,0.81,1,0,0.82,无动作,3.7,104585.62
2023-09-17,西南,服装服饰,5696,6276.7,0.8,1,0,0.83,常规促销,4.0,121710.87
2023-09-17,华东,服装服饰,3690,2533.41,0.68,1,0,0.62,常规促销,4.1,43654.31
2023-09-18,华东,食品饮料,4618,4101.28,0.9,0,0,0.89,无动作,3.5,30996.5
2023-09-18,华东,食品饮料,2559,5324.69,0.72,0,0,0.51,无动作,4.7,31783.45
2023-09-19,华北,3C数码,3587,6389.82,0.72,0,0,0.91,无动作,4.0,190066.21
2023-09-19,华北,3C数码,2507,1727.72,0.79,0,0,0.39,降价阻击,4.4,43895.75
2023-09-20,华南,食品饮料,3063,7736.56,0.73,0,0,0.42,常规促销,3.6,18021.0
2023-09-21,华东,美妆个护,4642,7231.54,0.85,0,0,0.24,降价阻击,3.8,9833.74
2023-09-21,华南,食品饮料,3000,2892.44,0.78,0,0,0.84,无动作,4.8,26050.1
2023-09-21,华南,服装服饰,3290,6759.32,0.81,0,0,0.53,常规促销,4.4,48751.16
2023-09-21,华南,服装服饰,2973,4628.27,0.84,0,0,0.38,常规促销,4.9,30533.04
2023-09-21,西北,美妆个护,4278,4232.65,0.72,0,0,0.39,常规促销,5.0,62409.74
2023-09-21,华东,美妆个护,1911,3201.04,0.7,0,0,0.92,降价阻击,4.1,48784.57
2023-09-22,华北,服装服饰,2294,5066.78,0.96,0,0,0.87,无动作,3.9,60660.28
2023-09-22,华南,3C数码,3808,6109.22,0.8,0,0,0.64,无动作,4.8,142641.37
2023-09-22,华南,服装服饰,2802,3876.53,0.79,0,0,0.69,常规促销,5.0,34754.37
2023-09-24,华北,服装服饰,5816,5404.53,0.66,1,0,0.58,常规促销,4.4,67228.26
2023-09-24,华北,服装服饰,6733,5895.19,0.82,1,0,0.51,无动作,4.7,66978.32
2023-09-24,西北,食品饮料,3925,5977.85,0.84,1,0,0.93,无动作,4.7,55888.74
2023-09-25,华东,服装服饰,1114,1363.76,0.85,0,0,0.3,无动作,4.0,1000.0
2023-09-25,华东,美妆个护,2603,7018.23,0.9,0,0,0.53,无动作,4.4,61351.31
2023-09-25,华北,3C数码,2322,4207.77,0.71,0,0,0.48,无动作,4.7,67402.84
2023-09-25,华南,美妆个护,2860,2836.91,0.74,0,0,0.6,常规促销,4.5,56660.11
2023-09-25,华东,食品饮料,4554,2692.35,0.93,0,0,0.57,常规促销,3.5,38560.85
2023-09-26,华东,3C数码,3444,4381.1,0.98,0,0,0.62,无动作,4.0,124357.54
2023-09-27,华东,3C数码,3441,7207.82,0.7,0,0,0.31,无动作,3.7,73188.54
2023-09-27,西南,服装服饰,2098,3648.43,0.82,0,0,0.61,无动作,3.8,32830.57
2023-09-28,华东,3C数码,1977,6248.08,0.72,0,0,0.39,无动作,4.9,55537.0
2023-09-28,华东,美妆个护,2505,1677.73,0.67,0,0,0.35,常规促销,3.6,46094.15
2023-09-28,华东,食品饮料,2126,4332.4,0.76,0,0,0.25,降价阻击,3.8,1000.0
2023-09-28,华南,服装服饰,1296,7941.8,0.7,0,0,0.81,无动作,4.0,51452.76
2023-09-29,华东,服装服饰,4049,6393.06,0.9,0,0,0.54,常规促销,4.4,58799.97
2023-09-29,华南,服装服饰,3225,2473.7,0.84,0,0,0.7,常规促销,4.3,45624.64
2023-09-30,华东,美妆个护,5519,4510.09,0.7,1,0,0.78,常规促销,3.8,160377.08
2023-09-30,西南,3C数码,5806,2635.37,0.65,1,0,0.74,无动作,3.7,215806.86
2023-09-30,华东,服装服饰,6269,3866.93,0.93,1,0,0.58,降价阻击,3.9,61022.82
2023-09-30,华南,美妆个护,4675,6460.59,0.71,1,0,0.51,无动作,4.3,79593.4
2023-09-30,西南,美妆个护,3901,6398.57,0.86,1,0,0.5,无动作,3.9,81269.61
2023-10-01,华北,服装服饰,11026,2596.7,0.77,1,1,0.71,无动作,4.9,166842.1
2023-10-01,华南,美妆个护,10525,7455.56,0.85,1,1,0.6,无动作,4.2,232757.77
2023-10-02,华东,3C数码,10715,5147.98,0.76,0,1,0.88,无动作,3.6,530514.79
2023-10-02,华东,3C数码,10459,3659.47,0.68,0,1,0.9,无动作,4.6,516729.23
2023-10-02,华北,食品饮料,10032,4513.55,0.73,0,1,0.34,无动作,4.0,41664.39
2023-10-04,西北,美妆个护,7960,5235.5,0.72,0,1,0.31,常规促销,4.5,86504.95
2023-10-04,华北,3C数码,7936,4919.23,0.8,0,1,0.7,常规促销,3.9,324066.61
2023-10-04,华南,服装服饰,9937,4404.84,0.88,0,1,0.44,无动作,4.4,122066.58
2023-10-04,华北,服装服饰,8881,4534.53,0.74,0,1,0.21,常规促销,4.7,39297.35
2023-10-04,华南,服装服饰,6311,2234.88,0.65,0,1,0.91,常规促销,4.9,118490.78
2023-10-04,华东,服装服饰,9973,6689.13,0.83,0,1,0.38,常规促销,3.9,82132.18
2023-10-05,华南,3C数码,8953,4792.32,0.86,0,1,0.94,无动作,4.0,481683.71
2023-10-06,西北,服装服饰,9088,1917.56,0.99,0,1,0.77,常规促销,4.2,163800.19
2023-10-06,华东,美妆个护,7339,6363.1,0.86,0,1,0.81,降价阻击,4.9,181861.95
2023-10-07,华北,美妆个护,10012,7527.11,0.81,1,1,0.36,常规促销,4.9,135505.23
2023-10-07,华东,美妆个护,12195,7631.15,0.85,1,1,0.39,无动作,3.6,164482.72
2023-10-07,华南,3C数码,13958,3583.12,0.97,1,1,0.62,无动作,3.7,474125.12
2023-10-07,华东,食品饮料,11388,1948.62,0.94,1,1,0.34,常规促销,4.2,40245.46
2023-10-07,华南,美妆个护,10388,4628.8,0.76,1,1,0.44,无动作,3.7,159143.16
2023-10-08,华北,美妆个护,4690,1788.26,0.73,1,0,0.46,无动作,4.0,77233.4
2023-10-08,华东,美妆个护,4453,7537.91,0.74,1,0,0.33,无动作,3.7,60297.6
2023-10-09,华北,食品饮料,4072,2285.06,0.83,0,0,0.36,常规促销,4.5,19409.66
2023-10-09,华北,服装服饰,4259,2769.36,0.91,0,0,0.83,常规促销,4.9,80002.44
2023-10-09,西南,服装服饰,3103,3846.46,0.83,0,0,0.33,无动作,5.0,31058.02
2023-10-10,华东,美妆个护,1546,3682.15,0.67,0,0,0.22,降价阻击,4.1,13241.1
2023-10-10,华南,美妆个护,2135,6562.64,0.9,0,0,0.7,无动作,4.4,70383.63
2023-10-10,华东,美妆个护,4869,4194.22,0.93,0,0,0.98,常规促销,4.8,167767.72
2023-10-10,西北,服装服饰,4381,2195.38,0.75,0,0,0.46,常规促销,3.7,36113.54
2023-10-10,西南,3C数码,3083,2870.47,0.88,0,0,0.29,常规促销,4.5,43745.29
2023-10-11,华南,服装服饰,3040,4563.79,0.8,0,0,0.66,降价阻击,4.1,29291.13
2023-10-11,西南,食品饮料,1438,2032.18,0.96,0,0,0.93,无动作,3.8,18959.4
2023-10-11,华南,服装服饰,2752,5281.59,0.95,0,0,0.83,常规促销,4.1,45107.01
2023-10-11,华北,服装服饰,2615,4960.23,0.83,0,0,0.7,无动作,3.6,50744.4
2023-10-12,华东,服装服饰,2849,6002.92,0.89,0,0,0.45,常规促销,4.5,33144.59
2023-10-12,华北,服装服饰,3642,7563.93,0.96,0,0,0.63,常规促销,3.9,69621.11
2023-10-12,华东,食品饮料,2600,7385.78,0.82,0,0,0.27,常规促销,4.0,4692.22
2023-10-13,西南,美妆个护,4396,7622.53,0.76,0,0,0.74,无动作,3.7,118073.74
2023-10-13,华北,美妆个护,2663,2713.01,0.91,0,0,0.78,常规促销,4.8,81362.17
2023-10-13,华北,服装服饰,1306,1920.96,0.73,0,0,0.97,无动作,4.2,42171.12
2023-10-13,华东,美妆个护,4605,3115.94,0.79,0,0,0.41,无动作,4.4,54609.54
2023-10-13,华东,服装服饰,4799,7265.6,0.95,0,0,0.21,常规促销,4.4,25904.85
2023-10-13,华东,美妆个护,1618,7804.37,0.9,0,0,0.64,无动作,4.1,58714.06
2023-10-15,华南,服装服饰,4346,7015.27,0.79,1,0,0.77,常规促销,3.8,90253.22
2023-10-15,华东,服装服饰,3718,1770.12,0.73,1,0,0.83,无动作,4.6,67791.52
2023-10-15,西南,美妆个护,5414,7632.0,0.77,1,0,0.35,无动作,3.7,81032.3
2023-10-15,华南,食品饮料,5398,3963.51,0.75,1,0,0.41,常规促销,3.7,10004.35
2023-10-16,华东,3C数码,2379,1065.17,0.71,0,0,0.61,无动作,4.6,71264.53
2023-10-16,华南,美妆个护,2699,4096.76,0.91,0,0,0.46,无动作,3.8,49786.63
2023-10-16,华南,服装服饰,3115,1322.48,0.74,0,0,0.89,常规促销,4.0,60385.9
2023-10-16,华北,服装服饰,3339,4807.15,0.81,0,0,0.58,无动作,4.2,57149.21
2023-10-16,华南,3C数码,3739,3369.88,0.79,0,0,0.84,常规促销,4.2,182699.55
2023-10-16,西南,服装服饰,1180,4314.04,0.99,0,0,0.66,无动作,4.6,24455.52
2023-10-16,华南,服装服饰,4537,5292.19,0.79,0,0,0.82,常规促销,4.4,95145.57
2023-10-17,西北,3C数码,3481,7081.61,0.68,0,0,0.47,常规促销,4.5,97945.76
2023-10-17,西南,服装服饰,2487,5633.31,0.68,0,0,0.87,常规促销,4.6,64167.7
2023-10-18,华东,食品饮料,4752,4038.34,0.86,0,0,0.42,无动作,3.9,36356.66
2023-10-19,西南,3C数码,1913,6735.99,0.86,0,0,0.64,常规促销,4.0,106144.62
2023-10-19,华东,美妆个护,2557,7339.07,0.8,0,0,0.37,常规促销,4.2,41577.35
2023-10-20,西南,服装服饰,3113,1838.32,0.8,0,0,0.58,常规促销,4.0,35668.18
2023-10-20,华南,美妆个护,2044,4723.53,0.67,0,0,0.45,无动作,5.0,24200.54
2023-10-21,西南,服装服饰,5425,2991.58,0.83,1,0,0.41,常规促销,4.7,52051.5
2023-10-21,西南,3C数码,4714,1329.43,0.83,1,0,0.97,常规促销,3.7,239454.46
2023-10-21,西南,3C数码,6095,5679.83,0.7,1,0,0.33,无动作,3.5,109429.61
2023-10-21,华北,3C数码,5296,7039.4,0.69,1,0,0.83,无动作,3.6,259771.85
2023-10-21,华东,3C数码,5323,2140.32,0.69,1,0,0.99,常规促销,3.9,279963.06
2023-10-22,华东,美妆个护,5014,6686.9,0.69,1,0,0.22,无动作,3.7,40510.48
2023-10-22,华南,食品饮料,4059,6973.77,0.86,1,0,0.76,降价阻击,4.3,35242.1
2023-10-23,华东,美妆个护,1821,7400.38,0.72,0,0,0.4,常规促销,4.8,30601.78
2023-10-23,华北,美妆个护,1601,2857.0,0.74,0,0,0.23,常规促销,4.6,22575.38
2023-10-23,华东,3C数码,2620,7327.67,0.71,0,0,0.52,无动作,3.8,93804.47
2023-10-25,西北,服装服饰,1784,3244.64,0.99,0,0,0.95,无动作,4.1,39551.73
2023-10-26,华北,服装服饰,4407,4866.37,0.95,0,0,0.21,降价阻击,4.3,18862.65
2023-10-27,西南,服装服饰,2211,1353.55,0.73,0,0,0.67,无动作,4.7,47194.98
2023-10-27,华东,服装服饰,1670,1307.17,0.76,0,0,0.6,常规促销,4.8,25000.05
2023-10-28,西南,服装服饰,4683,6042.61,0.72,1,0,0.9,无动作,4.9,101147.82
2023-10-28,西南,服装服饰,3434,4111.36,0.82,1,0,0.27,无动作,4.3,11412.15
2023-10-28,华南,服装服饰,6347,2794.05,0.66,1,0,0.75,无动作,4.5,99705.05
2023-10-29,华北,美妆个护,5042,2332.89,0.88,1,0,0.74,无动作,3.7,126534.92
2023-10-29,华北,美妆个护,6402,5689.67,0.83,1,0,0.74,降价阻击,4.3,127971.66
2023-10-30,华东,服装服饰,1100,1002.81,0.96,0,0,0.95,无动作,3.9,13351.97
2023-10-30,华南,食品饮料,3561,6641.24,0.71,0,0,0.86,无动作,4.1,31315.18
2023-10-30,华南,食品饮料,2779,1554.75,0.93,0,0,0.23,无动作,4.5,18599.18
2023-10-30,华东,服装服饰,1175,2340.43,0.93,0,0,0.58,无动作,3.9,30836.4
2023-10-30,华南,服装服饰,1237,3703.65,0.69,0,0,0.52,无动作,3.6,11635.3
2023-10-31,华东,服装服饰,3957,4394.01,0.79,0,0,0.45,常规促销,3.5,45767.45
2023-10-31,华东,食品饮料,4130,3484.97,0.71,0,0,0.56,无动作,3.5,15512.95
2023-10-31,华东,食品饮料,4936,3244.99,0.74,0,0,0.51,无动作,3.5,37647.42
2023-10-31,西北,3C数码,2122,7747.41,0.74,0,0,0.55,无动作,3.7,92613.87
2023-10-31,华南,服装服饰,3918,5491.06,0.84,0,0,0.98,降价阻击,3.9,80614.5
2023-11-01,西北,服装服饰,2977,1164.03,0.79,0,0,0.27,无动作,3.8,2824.69
2023-11-01,华南,服装服饰,3542,4011.23,0.98,0,0,0.94,无动作,5.0,83556.66
2023-11-01,华东,3C数码,3994,7125.06,0.69,0,0,0.58,常规促销,4.0,141993.94
2023-11-02,华南,食品饮料,3003,3110.19,0.99,0,0,0.7,无动作,3.7,31451.27
2023-11-02,华南,美妆个护,2537,1661.89,0.73,0,0,0.86,无动作,4.3,76995.13
2023-11-02,华东,美妆个护,1754,6308.69,0.92,0,0,0.49,无动作,4.8,42183.73
2023-11-03,华北,食品饮料,4368,5242.1,0.77,0,0,0.54,常规促销,4.5,22145.5
2023-11-03,华东,美妆个护,3258,4992.19,0.7,0,0,0.53,无动作,3.9,67967.74
2023-11-04,华北,服装服饰,5038,1375.04,0.95,1,0,0.5,常规促销,4.3,54520.33
2023-11-04,华北,美妆个护,5404,1983.49,0.76,1,0,0.94,常规促销,4.6,157199.77
2023-11-04,华东,3C数码,7154,5357.85,0.88,1,0,0.86,无动作,4.6,338905.14
2023-11-05,华东,美妆个护,7209,2454.77,0.85,1,0,0.29,无动作,4.5,54486.15
2023-11-05,华北,3C数码,4866,4528.49,0.82,1,0,0.29,无动作,4.8,79547.99
2023-11-06,华南,美妆个护,1139,4814.17,0.82,0,0,0.54,常规促销,4.8,40668.18
2023-11-06,华东,服装服饰,1540,2984.55,0.91,0,0,0.28,无动作,4.4,13171.6
2023-11-07,西北,3C数码,2414,7638.98,0.68,0,0,0.7,无动作,4.1,118723.4
2023-11-07,华东,3C数码,1269,6897.25,0.88,0,0,0.31,无动作,4.5,44497.32
2023-11-07,华北,3C数码,4830,6056.61,0.96,0,0,0.62,降价阻击,4.7,133777.82
2023-11-08,西北,美妆个护,2035,1545.96,0.67,0,0,0.21,无动作,3.5,14507.69
2023-11-08,华东,美妆个护,2890,1742.91,0.7,0,0,0.45,降价阻击,5.0,31201.81
2023-11-08,华东,服装服饰,4460,4449.47,0.9,0,0,0.74,无动作,3.8,80638.79
2023-11-09,华东,3C数码,4408,2124.99,0.8,0,0,0.59,无动作,4.2,121530.43
2023-11-09,华东,3C数码,1505,7847.86,0.79,0,0,0.98,无动作,4.8,129015.77
2023-11-10,华东,3C数码,2129,2109.64,0.7,0,0,0.9,无动作,3.8,93853.07
2023-11-10,华北,3C数码,3079,4412.27,0.83,0,0,0.49,无动作,4.2,88623.16
2023-11-10,华东,食品饮料,4145,3548.85,0.69,0,0,0.24,无动作,3.7,20409.68
2023-11-11,华南,服装服饰,13209,5475.7,0.82,1,1,0.88,降价阻击,4.1,205557.46
2023-11-11,西北,服装服饰,12451,1903.25,0.92,1,1,0.93,常规促销,3.8,250245.26
2023-11-11,西南,3C数码,9061,4012.21,0.74,1,1,0.86,常规促销,4.0,469971.08
2023-11-12,华北,服装服饰,4609,2922.94,0.82,1,0,0.3,无动作,4.1,40186.37
2023-11-12,华东,服装服饰,4003,7214.26,1.0,1,0,1.0,无动作,5.0,109432.56
2023-11-12,华北,美妆个护,6482,1284.1,0.89,1,0,0.41,无动作,5.0,88936.98
2023-11-12,华南,服装服饰,5415,7396.09,0.94,1,0,0.78,常规促销,3.7,97561.85
2023-11-13,华南,3C数码,1928,6830.96,0.8,0,0,0.93,降价阻击,4.6,122860.15
2023-11-13,华东,服装服饰,1099,3083.0,0.92,0,0,0.39,无动作,3.6,30542.12
2023-11-13,西南,服装服饰,2681,6525.03,0.66,0,0,0.93,无动作,3.5,70570.42
2023-11-13,华南,服装服饰,3056,1218.49,0.69,0,0,0.45,无动作,3.7,11097.17
2023-11-14,华东,食品饮料,4645,7768.06,0.72,0,0,0.98,无动作,4.9,50625.0
2023-11-14,华南,美妆个护,3744,4686.16,0.79,0,0,0.43,无动作,4.9,60849.72
2023-11-14,华南,服装服饰,2052,3122.97,0.95,0,0,0.96,常规促销,3.8,46889.42
2023-11-14,西南,服装服饰,4964,3538.08,0.77,0,0,0.24,常规促销,3.7,35472.59
2023-11-14,华北,服装服饰,4185,1464.84,0.88,0,0,0.77,无动作,3.9,70671.15
2023-11-15,华北,服装服饰,3509,7925.45,0.9,0,0,0.63,无动作,4.3,53617.3
2023-11-15,华东,美妆个护,1920,1275.04,0.86,0,0,0.58,降价阻击,4.4,30130.53
2023-11-15,华南,美妆个护,4214,5584.35,0.78,0,0,0.38,无动作,3.8,48817.02
2023-11-16,华南,3C数码,3437,4099.15,0.85,0,0,0.76,无动作,4.6,150352.7
2023-11-16,华东,服装服饰,1631,7642.41,0.77,0,0,0.35,无动作,4.0,15467.48
2023-11-16,华东,服装服饰,1681,2722.0,0.68,0,0,0.64,无动作,4.9,35618.19
2023-11-16,华北,食品饮料,3204,4724.61,1.0,0,0,0.4,无动作,4.5,32806.65
2023-11-16,华东,美妆个护,3382,4376.49,0.69,0,0,0.96,常规促销,4.2,100657.04
2023-11-17,华南,服装服饰,4932,5920.07,0.68,0,0,0.22,无动作,4.7,9110.44
2023-11-17,华东,3C数码,3307,1476.07,0.96,0,0,0.36,无动作,4.7,61419.25
2023-11-17,华东,美妆个护,3129,2356.52,0.76,0,0,0.39,常规促销,3.9,27367.88
2023-11-18,华东,3C数码,3997,2501.95,0.88,1,0,0.53,无动作,4.0,124271.42
2023-11-18,西北,服装服饰,3842,6167.06,0.77,1,0,0.39,常规促销,4.9,45401.61
2023-11-18,西南,3C数码,6488,2323.97,0.79,1,0,0.59,常规促销,3.7,215421.57
2023-11-19,西北,美妆个护,6583,5014.44,0.74,1,0,0.9,无动作,3.6,201021.96
2023-11-19,华南,服装服饰,3431,2506.71,0.77,1,0,0.77,常规促销,4.2,61390.69
2023-11-19,华东,服装服饰,3464,7031.37,0.79,1,0,0.66,无动作,4.7,48235.41
2023-11-20,华南,食品饮料,2293,7595.3,0.9,0,0,0.27,降价阻击,4.7,7826.23
2023-11-20,华南,服装服饰,2922,4629.45,0.83,0,0,0.76,无动作,4.9,55162.04
2023-11-21,西南,服装服饰,3673,3466.16,0.98,0,0,0.33,降价阻击,4.3,27235.44
2023-11-21,华东,服装服饰,1061,2638.4,0.66,0,0,0.83,常规促销,3.7,18394.94
2023-11-21,华南,3C数码,1873,1348.47,0.83,0,0,0.4,无动作,4.4,38445.18
2023-11-22,华东,美妆个护,1319,2879.5,0.85,0,0,0.53,无动作,4.7,17444.62
2023-11-22,华东,3C数码,3149,5579.65,0.97,0,0,0.48,降价阻击,3.6,59190.98
2023-11-22,华北,服装服饰,2452,4735.32,0.67,0,0,0.89,常规促销,3.8,45915.99
2023-11-22,华南,服装服饰,1873,7608.29,0.85,0,0,0.3,无动作,3.5,6096.5
2023-11-23,华南,美妆个护,2745,3773.94,0.95,0,0,0.65,常规促销,4.4,68271.33
2023-11-23,华南,美妆个护,4001,5857.04,0.73,0,0,0.31,无动作,4.8,39807.21
2023-11-23,华南,服装服饰,3302,4425.26,0.96,0,0,0.76,无动作,4.5,56317.66
2023-11-24,华北,3C数码,2555,4588.03,0.66,0,0,0.92,无动作,5.0,136723.85
2023-11-24,西南,美妆个护,3617,2874.42,0.91,0,0,0.55,无动作,3.6,40166.41
2023-11-24,西北,服装服饰,1111,4184.66,0.98,0,0,0.59,常规促销,4.9,34902.09
2023-11-25,华北,美妆个护,6825,4295.49,0.88,1,0,0.94,无动作,4.7,205708.81
2023-11-25,华东,美妆个护,6756,5946.5,0.8,1,0,0.62,常规促销,4.0,140492.4
2023-11-26,华北,美妆个护,5269,7584.48,0.67,1,0,0.59,无动作,5.0,104107.21
2023-11-26,华南,服装服饰,4197,3305.25,0.97,1,0,0.66,无动作,3.9,74343.9
2023-11-26,华东,服装服饰,5492,1295.4,0.81,1,0,0.75,无动作,4.8,88497.89
2023-11-26,西南,美妆个护,3121,4474.07,0.66,1,0,0.29,无动作,4.8,28613.43
2023-11-27,华东,服装服饰,4533,4811.23,0.89,0,0,0.86,无动作,4.6,85387.5
2023-11-27,西南,3C数码,4936,2179.08,0.82,0,0,0.55,无动作,4.3,152477.89
2023-11-27,华南,食品饮料,2115,6323.25,0.69,0,0,0.26,无动作,3.7,7299.69
2023-11-27,华北,食品饮料,2075,7894.5,0.72,0,0,0.83,无动作,4.3,25641.44
2023-11-29,华北,服装服饰,4876,7620.42,0.67,0,0,0.5,无动作,4.0,50284.62
2023-11-30,西南,3C数码,1519,2379.74,0.85,0,0,0.28,无动作,4.7,12085.02
2023-12-01,华北,服装服饰,1811,7127.54,0.87,0,0,0.71,常规促销,4.6,41143.35
2023-12-01,华北,美妆个护,4169,5931.46,0.83,0,0,0.9,降价阻击,4.9,109596.43
2023-12-01,华东,食品饮料,3283,4176.93,0.94,0,0,0.91,无动作,3.5,44460.34
2023-12-01,华南,服装服饰,2924,4784.28,0.95,0,0,0.97,无动作,4.7,53601.61
2023-12-02,华东,3C数码,5627,6947.2,0.87,1,0,0.89,无动作,4.9,297538.68
2023-12-02,华北,食品饮料,4315,4360.94,0.65,1,0,0.2,降价阻击,4.7,3560.67
2023-12-03,华南,服装服饰,4818,3612.45,0.89,1,0,0.5,无动作,3.7,56158.57
2023-12-03,华北,服装服饰,4337,4452.73,0.8,1,0,0.85,无动作,3.6,88160.48
2023-12-04,华东,食品饮料,3696,5053.91,0.85,0,0,0.49,无动作,3.5,20524.88
2023-12-04,华东,3C数码,3281,2323.54,0.88,0,0,0.68,无动作,4.4,125144.28
2023-12-04,华北,美妆个护,2055,7306.35,0.77,0,0,0.69,无动作,4.4,58638.8
2023-12-04,华东,3C数码,4360,5719.31,0.97,0,0,0.49,常规促销,5.0,134385.33
2023-12-05,华东,服装服饰,4709,5432.88,0.7,0,0,0.92,无动作,4.1,100897.2
2023-12-05,华东,美妆个护,1578,1696.47,0.89,0,0,0.6,常规促销,4.0,31912.88
2023-12-05,西北,服装服饰,1541,5229.22,0.65,0,0,0.57,无动作,4.4,39051.21
2023-12-06,华北,食品饮料,3161,1846.72,0.97,0,0,1.0,无动作,4.7,46965.33
2023-12-06,华南,服装服饰,3251,1550.88,0.69,0,0,0.59,降价阻击,4.9,38797.5
2023-12-06,华东,服装服饰,2052,4691.18,0.68,0,0,0.34,无动作,4.7,1000.0
2023-12-06,华东,服装服饰,3690,3819.5,0.77,0,0,0.61,常规促销,4.1,63095.27
2023-12-06,华北,服装服饰,1473,5121.67,0.78,0,0,0.85,无动作,4.5,45457.94
2023-12-07,华北,服装服饰,3744,1624.56,0.73,0,0,0.82,无动作,4.8,78553.79
2023-12-07,华东,3C数码,3300,4016.88,0.85,0,0,0.83,降价阻击,4.2,137892.38
2023-12-07,华东,服装服饰,4869,2223.51,0.81,0,0,0.77,无动作,3.8,89558.78
2023-12-08,华东,服装服饰,1904,7909.7,0.66,0,0,0.4,常规促销,3.8,31611.25
2023-12-08,华北,美妆个护,2945,4928.05,0.76,0,0,0.89,无动作,3.5,107406.51
2023-12-08,华北,美妆个护,1385,5812.06,0.93,0,0,0.91,常规促销,4.6,81993.18
2023-12-08,华东,美妆个护,1061,3277.93,0.89,0,0,0.36,无动作,3.7,19983.29
2023-12-08,华东,3C数码,1514,1663.17,0.9,0,0,0.3,无动作,3.9,15270.51
2023-12-08,华东,服装服饰,1429,7831.1,0.89,0,0,0.98,常规促销,3.9,51612.81
2023-12-09,西北,美妆个护,3022,3003.81,0.76,1,0,0.89,降价阻击,4.3,83902.22
2023-12-10,华东,服装服饰,5448,3966.66,0.68,1,0,0.91,降价阻击,4.1,89881.98
2023-12-10,华北,3C数码,6384,5549.05,0.75,1,0,0.91,常规促销,4.5,321861.19
2023-12-11,华北,美妆个护,2164,1172.88,0.94,0,0,0.63,常规促销,3.6,32374.98
2023-12-11,华南,美妆个护,3790,6671.81,0.99,0,0,0.72,无动作,3.7,98123.07
2023-12-12,华东,服装服饰,2323,4756.05,0.82,0,0,0.64,无动作,4.2,45524.23
2023-12-12,华东,3C数码,3722,2947.52,0.65,0,0,0.24,无动作,4.0,60096.16
2023-12-12,华北,美妆个护,3358,1431.26,0.7,0,0,0.8,无动作,3.9,89056.18
2023-12-12,华北,服装服饰,1470,2137.49,0.76,0,0,0.6,无动作,3.6,30152.4
2023-12-12,华北,美妆个护,2416,7265.24,0.85,0,0,0.72,无动作,4.8,76189.82
2023-12-12,华南,美妆个护,2665,5802.17,0.68,0,0,0.6,无动作,4.5,48189.84
2023-12-12,华东,美妆个护,2468,2749.31,0.98,0,0,0.59,常规促销,3.7,48764.21
2023-12-13,西北,服装服饰,4829,1459.21,0.78,0,0,0.34,无动作,3.6,30694.32
2023-12-14,华北,3C数码,1808,5834.31,0.97,0,0,0.42,无动作,5.0,55619.26
2023-12-14,华东,美妆个护,1171,5006.85,0.92,0,0,0.33,无动作,4.5,21091.64
2023-12-14,西北,美妆个护,3623,3831.64,0.91,0,0,0.36,常规促销,4.1,48463.0
2023-12-14,华北,美妆个护,1030,3545.28,0.86,0,0,0.98,常规促销,4.6,56392.37
2023-12-15,华南,3C数码,1046,2517.7,0.87,0,0,0.32,常规促销,4.6,22453.15
2023-12-15,华北,3C数码,1129,5687.28,0.87,0,0,0.42,无动作,4.7,29422.01
2023-12-15,西南,食品饮料,3399,7794.68,0.87,0,0,0.67,无动作,4.2,26710.58
2023-12-15,华北,美妆个护,1977,2230.01,0.84,0,0,0.69,无动作,4.1,48777.88
2023-12-15,华东,食品饮料,4916,5179.82,1.0,0,0,0.32,无动作,3.5,27785.89
2023-12-15,华东,美妆个护,2645,3969.3,0.91,0,0,0.83,无动作,4.9,77072.59
2023-12-16,西南,服装服饰,4633,4126.82,0.92,1,0,0.83,无动作,4.4,96194.1
2023-12-16,华东,美妆个护,3316,2779.03,0.96,1,0,0.39,无动作,3.8,50734.66
2023-12-16,华南,食品饮料,4279,6775.94,0.73,1,0,0.43,降价阻击,4.9,19375.18
2023-12-16,华南,服装服饰,5986,4396.79,0.68,1,0,0.95,降价阻击,4.9,109262.02
2023-12-17,华南,美妆个护,4101,4803.84,0.82,1,0,0.86,无动作,5.0,126397.49
2023-12-17,华北,3C数码,4705,3133.33,0.83,1,0,0.76,无动作,4.8,200653.9
2023-12-18,西南,服装服饰,4895,2272.66,0.94,0,0,0.27,无动作,5.0,27474.5
2023-12-18,华东,美妆个护,1682,1601.37,0.81,0,0,0.53,无动作,3.9,25853.13
2023-12-18,华东,服装服饰,4454,5998.83,0.85,0,0,0.65,降价阻击,4.8,58557.63
2023-12-19,华东,服装服饰,3008,2373.64,0.83,0,0,0.35,无动作,4.7,17465.74
2023-12-19,西南,服装服饰,4233,5830.53,0.66,0,0,0.56,常规促销,3.8,56627.82
2023-12-20,华北,服装服饰,4044,3732.64,0.87,0,0,0.68,无动作,3.6,60533.56
2023-12-21,华东,服装服饰,3333,3910.42,0.94,0,0,0.46,降价阻击,5.0,30590.42
2023-12-21,西南,服装服饰,4142,4284.24,0.71,0,0,0.82,无动作,3.9,71644.45
2023-12-21,西南,食品饮料,2790,3573.96,0.86,0,0,0.87,常规促销,4.8,26158.97
2023-12-21,西南,服装服饰,2477,1704.34,0.86,0,0,0.46,无动作,3.5,25883.33
2023-12-22,西南,3C数码,1885,3167.42,0.71,0,0,0.87,常规促销,3.5,102815.53
2023-12-23,华东,3C数码,7141,5646.14,0.69,1,0,0.28,无动作,4.2,111585.69
2023-12-23,华北,美妆个护,6060,5660.49,0.99,1,0,0.87,无动作,3.9,200393.06
2023-12-23,华南,服装服饰,2652,3003.57,0.79,1,0,0.32,降价阻击,4.5,9777.38
2023-12-24,西南,美妆个护,3772,4220.72,0.73,1,0,0.27,降价阻击,4.3,29634.02
2023-12-24,华北,美妆个护,4572,2354.13,0.71,1,0,0.71,常规促销,3.6,95652.47
2023-12-25,华北,美妆个护,1312,2472.6,0.88,0,0,0.58,常规促销,3.7,34074.21
2023-12-25,华北,服装服饰,3173,1161.33,0.86,0,0,0.93,常规促销,4.1,52213.21
2023-12-26,华东,美妆个护,4479,7277.23,0.88,0,0,0.49,无动作,3.8,78409.37
2023-12-26,华南,服装服饰,2588,2474.95,0.68,0,0,0.43,无动作,4.7,21515.36
2023-12-26,西北,食品饮料,2221,2592.74,0.96,0,0,0.6,无动作,4.1,18418.71
2023-12-26,西南,美妆个护,1810,2957.21,0.79,0,0,0.56,常规促销,3.6,33737.25
2023-12-26,华东,服装服饰,3235,1891.86,0.76,0,0,0.48,无动作,4.2,27887.85
2023-12-26,华东,服装服饰,3745,5474.84,0.81,0,0,0.75,无动作,3.6,78628.34
2023-12-27,华东,3C数码,4888,1526.0,0.79,0,0,0.81,无动作,3.7,200303.71
2023-12-27,华北,美妆个护,3857,1939.42,0.95,0,0,0.88,常规促销,3.9,103699.64
2023-12-27,西南,服装服饰,3763,5513.3,0.98,0,0,0.98,无动作,4.8,88171.03
2023-12-29,华东,服装服饰,3032,3377.62,0.76,0,0,0.41,无动作,4.9,41461.2
2023-12-30,华南,服装服饰,3795,5955.63,0.95,1,0,0.77,无动作,4.7,76401.13
2023-12-30,西南,美妆个护,2958,4901.97,0.92,1,0,0.52,无动作,4.0,58796.24
2023-12-31,华北,美妆个护,6145,2792.15,0.98,1,0,0.74,无动作,3.9,144788.92
2023-12-31,华南,美妆个护,5717,5555.8,0.74,1,0,0.58,常规促销,4.3,111685.05
2023-12-31,华南,美妆个护,4085,1813.92,0.85,1,0,1.0,常规促销,4.6,134109.58
2023-12-31,华南,3C数码,5817,4754.87,0.75,1,0,0.78,常规促销,5.0,248781.48
2023-12-31,华东,3C数码,5598,4060.04,0.94,1,0,0.96,无动作,3.7,300210.71
2023-12-31,华南,美妆个护,3371,2875.12,0.65,1,0,0.87,常规促销,3.6,98240.31
2023-12-31,华北,服装服饰,5739,5228.03,0.85,1,0,0.92,无动作,4.5,128105.67
2024-01-01,西南,服装服饰,1615,7099.34,0.77,0,0,0.85,无动作,4.7,43560.18
2024-01-01,华北,3C数码,1947,7992.33,0.76,0,0,0.57,常规促销,4.8,89136.52
2024-01-02,华北,服装服饰,2581,5254.34,0.88,0,0,0.4,无动作,4.5,37409.66
2024-01-02,华东,3C数码,1555,3832.94,0.95,0,0,0.5,无动作,4.9,67151.19
2024-01-02,华南,食品饮料,1277,2576.45,0.86,0,0,0.22,常规促销,4.3,1613.81
2024-01-02,华东,服装服饰,4764,2799.67,0.95,0,0,0.62,无动作,4.9,57878.72
2024-01-03,华东,服装服饰,4770,4356.18,0.74,0,0,0.6,常规促销,5.0,55523.42
2024-01-04,华北,3C数码,3013,3570.94,0.83,0,0,0.62,无动作,4.8,114239.84
2024-01-04,西北,美妆个护,4697,7396.7,0.81,0,0,0.98,常规促销,4.0,164889.73
2024-01-04,华东,服装服饰,1490,3578.07,0.65,0,0,0.93,无动作,3.8,33935.83
2024-01-04,华南,食品饮料,1254,3614.11,0.84,0,0,0.33,无动作,4.3,1000.0
2024-01-04,西南,食品饮料,3428,3684.74,0.88,0,0,0.5,常规促销,4.2,13534.96
2024-01-04,华东,服装服饰,1891,6856.34,0.86,0,0,0.54,无动作,4.8,35092.11
2024-01-04,华南,食品饮料,1541,5555.52,0.91,0,0,0.49,无动作,3.7,1777.0
2024-01-05,华北,食品饮料,2287,5299.18,0.85,0,0,0.84,无动作,3.9,34195.04
2024-01-06,华北,美妆个护,3930,3339.0,0.67,1,0,0.62,无动作,4.6,81688.96
2024-01-06,华东,美妆个护,4457,6725.33,0.69,1,0,0.66,无动作,3.6,110925.91
2024-01-06,华南,服装服饰,5062,1268.55,0.86,1,0,0.88,无动作,4.0,85247.37
2024-01-06,华北,服装服饰,3727,7095.58,0.75,1,0,0.84,降价阻击,4.1,68213.47
2024-01-06,华南,3C数码,5272,4589.25,0.68,1,0,0.31,无动作,4.4,91441.07
2024-01-06,华东,3C数码,6789,3787.75,0.8,1,0,0.77,无动作,3.7,285110.16
2024-01-07,华北,食品饮料,7336,4480.17,0.84,1,0,0.55,无动作,4.8,56085.12
2024-01-07,华东,服装服饰,3502,5671.91,0.77,1,0,0.44,无动作,4.2,42419.51
2024-01-08,华北,美妆个护,2298,1089.36,0.9,0,0,0.24,降价阻击,4.9,7984.82
2024-01-08,华东,美妆个护,1772,7100.86,0.88,0,0,0.59,无动作,4.2,46581.75
2024-01-08,西北,食品饮料,3890,4127.18,0.77,0,0,0.48,降价阻击,3.9,21544.15
2024-01-08,华南,食品饮料,3766,3400.77,0.91,0,0,0.4,无动作,3.7,27284.24
2024-01-08,华东,服装服饰,4967,1967.72,0.88,0,0,0.76,常规促销,3.5,79582.46
2024-01-08,华东,3C数码,1327,4076.26,0.87,0,0,0.82,无动作,4.3,89628.44
2024-01-08,华东,服装服饰,3258,4474.26,0.84,0,0,0.4,常规促销,3.7,35946.15
2024-01-09,西南,3C数码,3774,3825.53,0.65,0,0,0.24,无动作,4.1,61068.93
2024-01-09,西北,3C数码,1922,5750.62,0.89,0,0,0.88,无动作,4.4,111209.04
2024-01-09,华南,服装服饰,1551,3946.28,0.78,0,0,0.21,无动作,3.9,14510.89
2024-01-09,华南,美妆个护,3073,7729.92,0.98,0,0,0.95,无动作,3.8,130913.29
2024-01-09,华北,服装服饰,3074,5194.94,0.94,0,0,0.7,降价阻击,4.7,32842.98
2024-01-10,西南,服装服饰,1701,6652.35,0.86,0,0,0.46,无动作,4.9,18709.62
2024-01-11,华南,美妆个护,4154,1765.49,0.74,0,0,0.4,无动作,3.7,43820.88
2024-01-11,华南,服装服饰,2919,3781.04,0.72,0,0,0.21,常规促销,3.7,8395.25
2024-01-12,华南,3C数码,3729,3357.93,0.77,0,0,0.39,无动作,4.9,76068.84
2024-01-12,华北,美妆个护,3460,4986.38,0.82,0,0,0.31,降价阻击,3.6,32744.81
2024-01-14,华东,美妆个护,3652,7027.79,0.75,1,0,0.69,常规促销,5.0,110478.11
2024-01-14,华北,美妆个护,6207,1548.37,0.83,1,0,0.33,无动作,3.5,73368.96
2024-01-14,华南,3C数码,3501,1508.02,0.71,1,0,0.62,常规促销,4.8,115924.37
2024-01-14,华北,美妆个护,7491,6952.22,0.99,1,0,0.67,无动作,4.0,167821.53
2024-01-15,华东,美妆个护,1228,2489.95,0.69,0,0,0.44,无动作,4.9,31624.03
2024-01-15,华南,服装服饰,3002,5681.27,0.98,0,0,0.23,无动作,4.0,23223.68
2024-01-15,华南,美妆个护,4680,4800.15,0.97,0,0,0.23,无动作,4.5,37433.18
2024-01-15,华北,食品饮料,1366,6830.26,0.83,0,0,0.22,常规促销,3.6,9296.35
2024-01-17,华东,服装服饰,1527,1875.62,0.9,0,0,0.79,降价阻击,3.9,23810.11
2024-01-18,华南,服装服饰,1790,1908.48,0.8,0,0,0.45,无动作,4.7,23016.64
2024-01-19,华南,食品饮料,4718,4897.73,0.87,0,0,0.84,无动作,4.3,41997.68
2024-01-19,华南,美妆个护,4609,7624.65,0.77,0,0,0.55,降价阻击,4.9,76007.99
2024-01-19,华北,服装服饰,4935,3904.98,0.76,0,0,0.56,无动作,4.1,47227.16
2024-01-19,华北,美妆个护,1523,3288.59,0.85,0,0,0.61,无动作,4.8,32835.3
2024-01-20,西南,服装服饰,4872,5246.83,0.82,1,0,0.77,无动作,4.2,85260.54
2024-01-20,华东,服装服饰,4972,7513.14,0.85,1,0,0.42,降价阻击,5.0,39752.16
2024-01-20,西南,服装服饰,5499,6858.49,0.75,1,0,0.3,无动作,4.9,32691.49
2024-01-20,华南,食品饮料,5542,7968.39,0.78,1,0,0.64,常规促销,4.0,40015.12
2024-01-20,华东,食品饮料,4609,1157.98,0.68,1,0,0.46,常规促销,4.8,10455.06
2024-01-21,华东,服装服饰,6986,1790.01,0.67,1,0,0.55,无动作,4.8,83594.57
2024-01-21,华东,服装服饰,6701,5266.27,0.74,1,0,0.72,无动作,3.8,107844.3
2024-01-21,华北,服装服饰,3456,6744.04,0.68,1,0,0.6,常规促销,4.4,43164.5
2024-01-21,华北,食品饮料,3457,2996.71,0.69,1,0,0.7,无动作,3.6,22309.75
2024-01-21,华北,食品饮料,5882,2674.48,0.93,1,0,0.64,常规促销,4.8,44144.12
2024-01-21,华南,美妆个护,6696,6508.83,0.66,1,0,0.79,降价阻击,3.8,141291.62
2024-01-21,华南,美妆个护,6027,1394.67,0.88,1,0,0.76,常规促销,3.6,139800.05
2024-01-22,华东,美妆个护,4483,3585.68,0.75,0,0,0.63,常规促销,4.1,90510.4
2024-01-22,华东,服装服饰,3720,4540.66,0.96,0,0,0.74,常规促销,4.4,67772.66
2024-01-22,华南,3C数码,2642,4922.44,0.82,0,0,0.9,常规促销,4.8,140314.0
2024-01-23,华东,服装服饰,3838,6100.31,0.76,0,0,0.55,无动作,5.0,55355.22
2024-01-23,华东,美妆个护,2888,3483.92,0.83,0,0,0.53,无动作,4.2,47289.21
2024-01-23,华南,美妆个护,2770,5288.79,0.78,0,0,0.81,无动作,3.6,85549.47
2024-01-23,华北,服装服饰,1017,5097.63,0.85,0,0,0.67,常规促销,4.6,25395.67
2024-01-23,西北,食品饮料,2777,4833.31,0.69,0,0,0.26,无动作,4.3,4639.21
2024-01-23,西南,3C数码,1116,5483.38,1.0,0,0,0.91,常规促销,4.2,90074.38
2024-01-24,华北,服装服饰,1797,2816.14,0.8,0,0,0.22,无动作,4.0,7582.86
2024-01-25,华南,美妆个护,4865,1592.54,0.77,0,0,0.8,常规促销,4.3,129809.0
2024-01-25,华北,美妆个护,4215,1834.9,0.9,0,0,0.81,无动作,4.0,95600.35
2024-01-25,华北,美妆个护,4788,2572.08,0.78,0,0,0.96,常规促销,4.6,156341.37
2024-01-26,华东,服装服饰,3598,4501.39,0.94,0,0,0.24,无动作,4.3,18381.62
2024-01-26,华南,3C数码,3976,6883.1,0.81,0,0,0.68,无动作,4.8,167396.24
2024-01-26,西南,美妆个护,4737,5909.05,0.9,0,0,0.54,无动作,4.3,80684.52
2024-01-27,华南,服装服饰,4742,6523.28,0.69,1,0,0.46,常规促销,3.9,48055.33
2024-01-27,华南,3C数码,3558,3456.83,0.95,1,0,0.27,无动作,4.8,56244.0
2024-01-27,华南,美妆个护,4703,3832.58,0.91,1,0,0.65,无动作,4.3,100044.45
2024-01-28,华东,服装服饰,6643,3755.77,0.72,1,0,0.58,降价阻击,3.8,65401.7
2024-01-28,华南,美妆个护,3952,2343.11,0.7,1,0,0.28,常规促销,4.4,34548.05
2024-01-28,华东,美妆个护,6018,1428.52,0.76,1,0,0.69,降价阻击,4.0,119154.34
2024-01-28,华东,3C数码,4642,5136.41,0.99,1,0,0.79,无动作,4.8,218179.39
2024-01-29,华东,3C数码,3097,7924.52,0.74,0,0,0.81,无动作,4.2,172000.78
2024-01-29,西南,美妆个护,1677,2167.81,0.81,0,0,0.92,常规促销,4.6,58123.23
2024-01-29,华东,美妆个护,1105,1326.79,0.66,0,0,0.53,无动作,3.6,11795.98
2024-01-30,华南,美妆个护,4287,6456.72,0.79,0,0,0.96,常规促销,4.1,153024.07
2024-01-31,华东,美妆个护,1657,2768.1,0.85,0,0,0.89,无动作,5.0,53834.46
2024-01-31,西南,美妆个护,2946,6807.51,0.98,0,0,0.44,无动作,4.7,33550.6
2024-01-31,华东,食品饮料,2448,5927.56,0.83,0,0,0.33,无动作,3.7,16369.47
2024-01-31,华南,服装服饰,2095,7619.71,0.94,0,0,0.55,无动作,3.9,28145.79
2024-02-01,西南,服装服饰,1987,3862.49,0.84,0,0,0.52,无动作,4.0,18761.52
2024-02-01,西南,服装服饰,3889,5633.79,0.66,0,0,0.66,无动作,4.5,65493.67
2024-02-01,华东,3C数码,2808,4253.98,0.76,0,0,0.67,降价阻击,4.6,87914.89
2024-02-01,西南,服装服饰,2782,5414.12,0.85,0,0,0.8,无动作,4.6,64935.92
2024-02-02,华南,服装服饰,1445,4147.19,0.98,0,0,0.61,常规促销,4.3,36987.07
2024-02-02,华南,食品饮料,2948,2320.43,0.95,0,0,0.28,常规促销,4.7,4131.44
2024-02-02,华东,服装服饰,4257,4555.28,0.73,0,0,0.89,无动作,4.2,90977.44
2024-02-02,华东,服装服饰,3117,4700.09,0.73,0,0,0.45,无动作,3.7,27465.47
2024-02-03,华北,服装服饰,5156,6674.23,0.72,1,0,0.98,常规促销,4.3,141720.79
2024-02-04,华南,3C数码,5018,6148.64,0.97,1,0,0.29,常规促销,4.9,85189.11
2024-02-04,华南,3C数码,5737,5646.54,0.95,1,0,0.97,常规促销,4.7,339472.01
2024-02-04,华北,服装服饰,4015,1793.71,0.92,1,0,0.27,常规促销,4.4,31605.81
2024-02-05,华北,3C数码,2561,6044.31,0.79,0,0,0.38,降价阻击,4.5,55120.92
2024-02-05,华东,美妆个护,2675,4502.14,0.83,0,0,0.24,无动作,4.9,18703.22
2024-02-05,华北,食品饮料,2122,7258.7,0.81,0,0,0.76,无动作,4.1,23566.66
2024-02-05,华东,食品饮料,4981,7439.1,0.74,0,0,0.88,常规促销,4.0,34618.09
2024-02-05,华北,美妆个护,2301,1386.1,0.83,0,0,0.55,无动作,5.0,43015.68
2024-02-06,华北,服装服饰,2586,6744.49,0.66,0,0,0.94,常规促销,4.8,68919.69
2024-02-06,西北,食品饮料,2686,1263.88,0.7,0,0,0.67,无动作,4.0,19538.36
2024-02-06,华东,食品饮料,1943,3570.19,0.96,0,0,0.7,无动作,4.2,1000.0
2024-02-06,华东,3C数码,1454,4796.1,0.91,0,0,0.88,常规促销,4.1,91441.25
2024-02-07,华东,美妆个护,2127,2036.71,0.8,0,0,0.44,无动作,3.7,26003.47
2024-02-07,华东,服装服饰,1945,6224.2,0.83,0,0,0.48,无动作,4.9,30586.04
2024-02-07,华东,美妆个护,1600,1058.48,0.78,0,0,0.92,无动作,4.1,51093.76
2024-02-07,西南,食品饮料,3700,2180.19,0.91,0,0,0.92,常规促销,4.8,35137.65
2024-02-08,华东,3C数码,1724,5065.58,0.92,0,0,0.98,无动作,3.8,132834.41
2024-02-08,华东,食品饮料,3280,6000.71,0.92,0,0,0.92,常规促销,4.3,30394.31
2024-02-09,华北,美妆个护,6638,7416.5,0.9,0,1,0.3,无动作,3.5,83782.99
2024-02-09,华南,食品饮料,8384,5938.48,0.72,0,1,0.86,常规促销,4.6,90119.21
2024-02-10,华北,服装服饰,11386,5702.45,0.77,1,1,0.53,常规促销,4.4,143008.72
2024-02-11,华东,美妆个护,10071,3760.39,0.81,1,1,0.99,无动作,4.4,346132.8
2024-02-11,华南,3C数码,10623,1008.99,0.77,1,1,0.58,无动作,3.6,355387.64
2024-02-11,华东,服装服饰,7201,1841.11,0.91,1,1,0.64,无动作,3.8,116604.8
2024-02-11,华东,3C数码,10369,4741.88,0.77,1,1,0.62,常规促销,3.6,367726.11
2024-02-11,西南,食品饮料,9897,5725.91,0.7,1,1,0.46,无动作,3.9,56224.45
2024-02-12,华东,美妆个护,10750,3922.14,0.79,0,1,0.26,常规促销,4.4,99193.15
2024-02-12,华南,食品饮料,5546,6114.75,0.99,0,1,0.92,无动作,4.3,65237.3
2024-02-12,华南,食品饮料,6906,4653.04,0.73,0,1,0.84,无动作,4.4,79866.68
2024-02-12,华东,3C数码,7739,1519.23,0.86,0,1,0.31,无动作,4.3,139729.87
2024-02-12,西南,服装服饰,6968,2344.11,0.8,0,1,0.82,无动作,3.9,115747.68
2024-02-12,华东,3C数码,8548,6879.99,0.67,0,1,0.7,无动作,3.9,363236.82
2024-02-13,华北,服装服饰,7617,6074.39,0.82,0,1,0.53,常规促销,3.7,96493.82
2024-02-13,西北,服装服饰,8254,7263.33,0.9,0,1,0.4,常规促销,4.8,86194.1
2024-02-13,华南,服装服饰,6673,1822.9,0.83,0,1,0.89,无动作,4.4,147500.68
2024-02-14,西南,服装服饰,10250,7931.56,0.96,0,1,0.76,降价阻击,3.8,150233.1
2024-02-14,华东,3C数码,10609,2465.85,0.75,0,1,0.64,常规促销,3.8,383173.57
2024-02-14,华南,3C数码,9586,1082.46,0.68,0,1,0.69,降价阻击,4.8,284181.87
2024-02-14,华东,3C数码,7222,7981.96,0.98,0,1,0.27,无动作,4.6,132512.3
2024-02-15,华北,食品饮料,10755,2967.52,0.78,0,1,0.58,无动作,4.5,74828.37
2024-02-15,西北,美妆个护,10611,5676.14,0.85,0,1,0.35,无动作,4.1,126621.48
2024-02-15,华东,食品饮料,6520,2236.78,0.93,0,1,0.37,常规促销,3.9,35263.67
2024-02-15,华北,服装服饰,6680,5061.6,0.76,0,1,0.73,无动作,5.0,117077.51
2024-02-15,华东,服装服饰,7981,7328.24,0.9,0,1,0.93,无动作,4.7,182525.4
2024-02-17,华南,美妆个护,6288,3241.27,0.7,1,0,0.52,无动作,4.0,95658.14
2024-02-17,华南,服装服饰,5553,5691.78,0.75,1,0,0.37,无动作,4.8,50380.63
2024-02-18,西北,服装服饰,3798,2315.33,0.7,1,0,0.72,常规促销,4.6,65293.89
2024-02-19,华北,服装服饰,1328,5373.57,0.93,0,0,0.9,无动作,3.9,50765.19
2024-02-19,华东,3C数码,2395,3355.15,0.73,0,0,0.8,无动作,4.1,119937.08
2024-02-19,华东,服装服饰,2483,2478.46,0.9,0,0,0.9,常规促销,3.8,49621.55
2024-02-20,华东,服装服饰,1132,3192.27,0.98,0,0,0.63,降价阻击,3.7,8676.86
2024-02-20,华东,美妆个护,1834,2251.89,0.83,0,0,0.8,常规促销,4.6,56376.86
2024-02-21,华东,3C数码,3698,7313.41,0.84,0,0,0.31,降价阻击,3.9,67721.49
2024-02-21,西南,服装服饰,1120,3780.31,0.81,0,0,0.48,常规促销,4.7,23099.24
2024-02-21,华南,美妆个护,3653,2716.96,0.76,0,0,0.51,无动作,5.0,68647.82
2024-02-21,华南,3C数码,2475,4138.85,0.82,0,0,0.61,无动作,3.6,92659.41
2024-02-21,华东,服装服饰,1964,3243.75,0.86,0,0,0.94,常规促销,4.2,43299.01
2024-02-21,西南,食品饮料,1128,6210.93,1.0,0,0,0.9,常规促销,4.7,14689.13
2024-02-21,华北,3C数码,4162,7798.54,0.98,0,0,0.31,常规促销,4.7,82254.88
2024-02-22,华东,3C数码,4675,4066.24,0.95,0,0,0.34,无动作,4.6,87685.82
2024-02-22,华北,服装服饰,2598,7027.23,0.96,0,0,0.49,无动作,4.0,38437.79
2024-02-22,华南,服装服饰,3076,4961.04,0.81,0,0,0.43,无动作,4.2,31431.19
2024-02-23,华东,服装服饰,3769,2100.65,0.88,0,0,0.69,无动作,4.4,54136.9
2024-02-23,华南,美妆个护,2547,5834.36,0.96,0,0,0.92,无动作,5.0,90813.49
2024-02-24,华南,3C数码,4042,4594.04,0.79,1,0,0.97,常规促销,4.0,249930.93
2024-02-24,华东,服装服饰,7269,5554.25,0.99,1,0,0.72,无动作,4.9,119505.82
2024-02-24,西南,服装服饰,3460,7227.81,0.8,1,0,0.87,无动作,3.9,83637.37
2024-02-24,西南,3C数码,4713,4083.04,0.86,1,0,0.62,无动作,5.0,166963.72
2024-02-24,华北,美妆个护,4171,7308.24,0.9,1,0,0.37,常规促销,4.5,51698.87
2024-02-26,华南,服装服饰,4791,6254.68,0.98,0,0,0.62,无动作,4.2,80776.97
2024-02-26,华南,服装服饰,3991,4420.23,0.74,0,0,0.64,无动作,4.4,61946.38
2024-02-26,华北,3C数码,4095,5222.55,0.91,0,0,0.79,无动作,3.9,177378.24
2024-02-26,华南,服装服饰,4170,3279.07,0.83,0,0,0.38,无动作,3.9,40532.39
2024-02-26,华东,服装服饰,2429,7885.18,0.74,0,0,0.49,降价阻击,3.7,35623.09
2024-02-27,华南,美妆个护,1355,5671.46,0.92,0,0,0.49,降价阻击,3.7,28781.64
2024-02-27,西南,3C数码,1138,1306.93,0.84,0,0,0.97,无动作,4.0,81449.19
2024-02-28,华南,服装服饰,2526,3286.35,0.88,0,0,0.56,无动作,4.6,35785.86
2024-02-28,华东,服装服饰,4897,5363.2,0.76,0,0,0.8,常规促销,4.4,76566.8
2024-02-28,华北,美妆个护,2197,1394.33,0.82,0,0,0.8,无动作,3.7,60456.98
2024-02-29,华东,服装服饰,1028,1167.19,0.87,0,0,0.41,无动作,4.8,12698.31
2024-03-02,华东,美妆个护,3662,4150.17,0.79,1,0,0.66,无动作,4.4,85766.09
2024-03-03,华东,美妆个护,5575,3328.83,0.72,1,0,0.92,降价阻击,4.9,140854.92
2024-03-06,华东,食品饮料,2013,4068.09,0.99,0,0,0.58,无动作,4.5,2648.81
2024-03-06,华北,服装服饰,3702,2838.85,0.83,0,0,0.96,无动作,3.8,85234.6
2024-03-06,华南,服装服饰,1827,2153.02,0.91,0,0,0.37,常规促销,4.2,9480.42
2024-03-07,华东,美妆个护,1350,5824.0,0.79,0,0,0.26,无动作,4.5,10096.23
2024-03-08,西南,食品饮料,3601,4602.0,0.77,0,0,0.91,无动作,3.5,37120.53
2024-03-09,西南,食品饮料,5848,2401.08,0.79,1,0,0.88,降价阻击,3.5,47939.5
2024-03-09,西南,服装服饰,2741,3237.13,0.79,1,0,0.99,无动作,3.7,72143.24
2024-03-09,华东,3C数码,4879,5142.66,0.84,1,0,0.74,常规促销,3.9,211985.05
2024-03-09,华南,服装服饰,5093,1505.61,0.84,1,0,0.95,无动作,4.1,100563.82
2024-03-10,西北,美妆个护,3619,2032.17,0.82,1,0,0.86,无动作,4.2,99675.49
2024-03-10,华北,服装服饰,5416,1512.72,0.7,1,0,0.88,无动作,3.7,98906.86
2024-03-10,华东,服装服饰,4963,6686.22,0.82,1,0,0.66,无动作,4.5,90474.1
2024-03-10,华东,美妆个护,3974,6266.86,0.71,1,0,0.51,无动作,4.4,78832.0
2024-03-10,华南,服装服饰,3546,6273.19,0.69,1,0,0.95,常规促销,3.9,97082.76
2024-03-10,西南,食品饮料,7532,6014.28,0.98,1,0,0.55,无动作,3.5,58763.83
2024-03-10,华南,服装服饰,5021,5685.7,0.86,1,0,0.63,无动作,3.6,72409.58
2024-03-11,华南,服装服饰,1833,4338.94,0.88,0,0,0.56,无动作,4.1,27266.27
2024-03-11,华东,服装服饰,3213,5495.95,0.79,0,0,0.65,常规促销,3.7,69049.44
2024-03-11,华北,美妆个护,4614,1268.53,0.97,0,0,0.58,无动作,4.1,93385.46
2024-03-12,西南,3C数码,2906,5350.25,0.87,0,0,0.24,无动作,4.4,31213.84
2024-03-12,华南,3C数码,4303,6445.14,0.92,0,0,0.91,无动作,4.3,240311.32
2024-03-13,华北,食品饮料,4865,4502.51,0.78,0,0,0.56,无动作,3.8,29900.23
2024-03-13,西北,3C数码,2564,3502.59,0.99,0,0,0.67,无动作,4.0,113011.46
2024-03-14,华东,服装服饰,2218,2941.99,0.94,0,0,0.31,常规促销,4.4,11005.65
2024-03-14,华南,服装服饰,1505,5499.61,0.95,0,0,0.2,无动作,4.8,3251.38
2024-03-14,华东,服装服饰,2357,5849.61,0.71,0,0,0.4,无动作,4.6,20128.74
2024-03-15,华北,美妆个护,4839,7096.77,0.74,0,0,0.76,无动作,4.3,125511.3
2024-03-15,华南,服装服饰,3840,3396.34,0.75,0,0,0.28,常规促销,4.0,30016.91
2024-03-16,华北,服装服饰,5489,6388.41,0.74,1,0,0.93,无动作,4.0,113188.94
2024-03-16,华北,服装服饰,6024,4929.49,0.95,1,0,0.37,无动作,4.8,46677.88
2024-03-16,华南,美妆个护,5136,7179.86,0.66,1,0,0.36,无动作,3.6,54220.14
2024-03-16,西南,3C数码,5458,4694.68,0.68,1,0,0.35,无动作,5.0,117568.42
2024-03-16,华南,服装服饰,6872,4623.41,0.75,1,0,0.21,无动作,4.5,42072.89
2024-03-16,华东,3C数码,5729,5045.14,0.72,1,0,0.82,无动作,4.5,267513.86
2024-03-16,华北,服装服饰,6223,6245.21,0.73,1,0,0.9,无动作,3.6,127999.56
2024-03-17,华北,服装服饰,3717,7752.83,0.93,1,0,0.69,无动作,4.4,76581.93
2024-03-17,华东,3C数码,6268,1514.94,0.85,1,0,0.35,无动作,4.2,127300.94
2024-03-17,西南,美妆个护,7215,1374.04,0.65,1,0,0.43,无动作,3.7,97873.89
2024-03-18,西南,服装服饰,2172,7562.85,0.8,0,0,0.58,无动作,3.9,33269.87
2024-03-18,华东,食品饮料,1760,4709.13,0.79,0,0,0.96,常规促销,4.8,11101.84
2024-03-18,西北,食品饮料,1832,5304.32,0.69,0,0,0.4,降价阻击,4.3,1000.0
2024-03-19,华东,服装服饰,2428,4376.97,0.89,0,0,0.79,降价阻击,4.1,40151.68
2024-03-19,华东,3C数码,1282,1655.6,0.9,0,0,0.55,常规促销,3.6,39877.89
2024-03-19,华东,服装服饰,4433,6376.63,0.9,0,0,0.44,常规促销,4.6,48294.66
2024-03-19,西南,美妆个护,1378,6230.57,0.9,0,0,0.56,常规促销,4.6,36930.5
2024-03-20,华北,服装服饰,1197,3181.92,0.65,0,0,0.26,无动作,4.4,1000.0
2024-03-20,华东,3C数码,4062,3143.67,0.98,0,0,0.84,常规促销,4.3,179513.91
2024-03-20,华南,服装服饰,4071,6864.89,0.93,0,0,0.39,无动作,4.2,52060.88
2024-03-20,华北,美妆个护,1555,1506.5,0.97,0,0,0.78,无动作,4.4,51839.01
2024-03-21,华东,美妆个护,1355,7167.74,0.66,0,0,0.25,常规促销,3.9,32190.74
2024-03-21,西南,3C数码,2563,2796.63,0.98,0,0,0.96,无动作,4.9,151018.93
2024-03-21,西南,美妆个护,4500,5150.89,0.93,0,0,0.35,无动作,4.4,51103.81
2024-03-21,华南,服装服饰,2040,7551.96,0.94,0,0,0.91,降价阻击,4.0,58770.33
2024-03-21,西北,服装服饰,3686,5746.86,0.68,0,0,0.85,无动作,4.2,74315.27
2024-03-21,华南,食品饮料,1378,3901.01,0.91,0,0,0.97,无动作,4.7,22086.41
2024-03-21,西北,服装服饰,1679,5826.74,0.99,0,0,0.58,降价阻击,3.7,24985.8
2024-03-21,华北,服装服饰,3553,3407.86,0.89,0,0,0.78,常规促销,3.9,39070.97
2024-03-22,华北,3C数码,2779,2940.81,0.85,0,0,0.5,无动作,4.5,92865.5
2024-03-22,华东,食品饮料,1898,7976.78,0.98,0,0,0.35,无动作,4.0,15372.8
2024-03-22,西南,美妆个护,1075,6255.53,0.81,0,0,0.55,无动作,4.7,37804.37
2024-03-22,华南,美妆个护,1230,5513.04,0.86,0,0,0.33,常规促销,3.7,21145.57
2024-03-23,华东,美妆个护,4707,3487.03,0.82,1,0,0.99,无动作,4.6,163288.25
2024-03-23,华东,3C数码,3329,1344.13,0.98,1,0,0.28,无动作,3.6,50275.17
2024-03-24,华南,服装服饰,5551,1217.4,0.68,1,0,0.67,无动作,3.5,82484.59
2024-03-24,华南,服装服饰,4543,4879.27,0.83,1,0,0.7,无动作,4.8,66976.63
2024-03-24,华北,3C数码,5679,6334.23,0.89,1,0,0.63,降价阻击,4.4,174122.45
2024-03-25,西南,服装服饰,3262,4761.65,0.93,0,0,0.73,无动作,4.0,62705.91
2024-03-25,华东,食品饮料,4229,6885.5,0.85,0,0,0.29,常规促销,3.8,13413.81
2024-03-25,华北,3C数码,3116,1233.99,0.97,0,0,0.64,无动作,4.4,108942.57
2024-03-25,华东,服装服饰,1392,3567.26,0.98,0,0,0.43,常规促销,4.3,10098.03
2024-03-26,西南,服装服饰,2108,2659.49,0.67,0,0,0.95,降价阻击,5.0,29170.15
2024-03-26,西南,服装服饰,1266,4130.91,0.79,0,0,0.81,无动作,5.0,33580.87
2024-03-26,华南,食品饮料,2092,1506.63,0.66,0,0,0.98,无动作,4.5,27205.57
2024-03-28,华北,服装服饰,1610,7678.92,0.77,0,0,0.23,无动作,4.2,1000.0
2024-03-28,华东,服装服饰,2370,2562.79,0.84,0,0,0.43,常规促销,4.2,27880.31
2024-03-28,华南,美妆个护,2008,7456.15,0.97,0,0,0.36,无动作,4.5,31104.14
2024-03-29,西南,3C数码,1961,3981.25,0.95,0,0,0.21,常规促销,3.7,26502.26
2024-03-30,华南,服装服饰,5810,7898.67,0.69,1,0,0.39,常规促销,4.0,44679.75
2024-03-30,华南,服装服饰,7927,4878.41,0.68,1,0,0.74,常规促销,3.6,120038.17
2024-03-31,华南,服装服饰,3592,7515.83,0.86,1,0,0.38,常规促销,3.6,46421.61
2024-03-31,西南,食品饮料,5158,1037.44,0.84,1,0,0.61,无动作,3.8,33758.86
2024-03-31,华东,美妆个护,5853,6237.67,0.74,1,0,0.91,无动作,4.2,185473.0
2024-03-31,华东,服装服饰,5461,7321.35,0.96,1,0,0.76,无动作,4.7,103170.48
2024-03-31,华北,美妆个护,4734,1978.04,0.97,1,0,0.52,降价阻击,4.2,70400.1
2024-03-31,西南,3C数码,5631,1672.88,0.79,1,0,0.5,常规促销,4.0,153532.35
2024-04-01,华东,3C数码,3267,3972.01,0.96,0,0,0.56,常规促销,3.6,108137.69
2024-04-01,华东,服装服饰,1030,7535.75,0.78,0,0,0.34,无动作,4.3,24223.67
2024-04-02,华东,服装服饰,4594,4796.71,0.91,0,0,0.71,无动作,3.9,81787.22
2024-04-02,华东,服装服饰,2366,4692.2,0.82,0,0,0.49,常规促销,4.4,33503.74
2024-04-03,华南,美妆个护,2400,1987.88,0.69,0,0,0.88,无动作,5.0,69131.3
2024-04-03,华北,食品饮料,2153,1005.53,0.97,0,0,0.81,无动作,3.7,24572.29
2024-04-03,华北,服装服饰,1616,6670.98,0.81,0,0,0.69,常规促销,3.8,39748.7
2024-04-03,华北,服装服饰,1538,1613.02,0.91,0,0,0.49,无动作,4.2,26878.39
2024-04-03,华南,3C数码,3786,5436.95,0.78,0,0,0.37,无动作,5.0,90260.79
2024-04-03,西南,3C数码,4073,7402.32,0.66,0,0,0.82,无动作,4.7,196767.71
2024-04-04,华南,服装服饰,1870,2460.56,0.69,0,0,0.59,无动作,4.8,17124.08
2024-04-04,西北,服装服饰,1100,5656.91,0.82,0,0,0.38,降价阻击,4.0,6942.81
2024-04-04,华北,美妆个护,4604,1550.89,0.89,0,0,0.36,无动作,5.0,58470.21
2024-04-04,华东,3C数码,4129,5226.29,0.77,0,0,0.33,无动作,3.7,66053.8
2024-04-05,华北,3C数码,2412,2147.52,0.89,0,0,0.82,无动作,3.6,116264.89
2024-04-05,华东,服装服饰,3739,6151.67,0.89,0,0,0.38,常规促销,4.8,38064.35
2024-04-05,华北,服装服饰,1940,3108.62,0.9,0,0,0.62,无动作,4.9,40076.49
2024-04-05,华东,3C数码,1340,4243.74,0.82,0,0,0.56,无动作,3.6,59136.66
2024-04-05,华东,美妆个护,3908,5196.01,0.97,0,0,0.66,无动作,3.7,81883.9
2024-04-06,西南,3C数码,3672,2198.91,0.82,1,0,0.9,无动作,3.5,185394.31
2024-04-06,华东,美妆个护,5489,6191.46,0.81,1,0,0.89,无动作,3.7,166869.73
2024-04-06,西南,服装服饰,6962,3118.48,0.72,1,0,0.56,常规促销,3.8,78809.48
2024-04-06,华东,3C数码,2089,5636.6,0.76,1,0,0.21,常规促销,5.0,33608.69
2024-04-07,华北,服装服饰,2876,2107.98,0.66,1,0,0.54,无动作,4.5,27867.1
2024-04-08,华北,美妆个护,3033,5816.82,0.87,0,0,0.68,无动作,4.7,91492.91
2024-04-08,华南,服装服饰,2560,1897.32,0.74,0,0,0.65,降价阻击,4.7,18159.69
2024-04-09,华东,美妆个护,4457,3977.5,0.76,0,0,0.72,无动作,4.3,115855.53
2024-04-10,华东,3C数码,2656,2730.44,0.92,0,0,0.32,常规促销,4.7,59012.03
2024-04-10,华东,美妆个护,3975,6238.63,0.76,0,0,0.72,无动作,4.4,110457.23
2024-04-11,华东,服装服饰,2049,2834.25,0.73,0,0,0.35,降价阻击,4.0,8095.98
2024-04-12,华北,美妆个护,1453,7172.02,0.71,0,0,0.8,常规促销,4.3,64360.76
2024-04-13,西南,服装服饰,5445,7242.74,0.92,1,0,0.47,降价阻击,4.3,40897.96
2024-04-13,西南,食品饮料,4344,2375.09,0.7,1,0,0.77,常规促销,4.7,44772.51
2024-04-14,华北,服装服饰,5607,5296.92,0.81,1,0,0.24,无动作,5.0,30944.04
2024-04-14,华北,3C数码,6967,1614.02,0.83,1,0,0.53,降价阻击,4.1,150440.66
2024-04-14,华北,3C数码,3202,3740.76,0.89,1,0,0.76,无动作,4.6,147696.16
2024-04-15,华东,美妆个护,1772,5993.25,0.87,0,0,0.38,无动作,3.6,11758.18
2024-04-15,西南,服装服饰,1012,5615.96,0.93,0,0,0.84,常规促销,4.7,26008.25
2024-04-15,华北,美妆个护,3962,5372.9,0.67,0,0,0.7,常规促销,4.1,105009.18
2024-04-15,华南,服装服饰,4979,2977.79,0.75,0,0,0.67,降价阻击,3.6,52328.6
2024-04-16,华东,服装服饰,4631,3646.17,0.75,0,0,0.48,无动作,4.0,46329.17
2024-04-16,华南,3C数码,1920,1720.62,0.7,0,0,0.59,常规促销,4.4,67822.76
2024-04-16,华南,食品饮料,1824,6033.16,0.75,0,0,0.68,常规促销,3.7,33162.39
2024-04-16,西南,美妆个护,3418,4527.22,0.76,0,0,0.58,无动作,4.9,80060.93
2024-04-17,华南,食品饮料,2314,5961.36,0.83,0,0,0.76,无动作,3.6,16862.55
2024-04-17,华南,服装服饰,3379,2742.6,0.88,0,0,0.55,无动作,4.9,25625.74
2024-04-17,西北,美妆个护,4677,3271.07,0.78,0,0,0.36,无动作,4.6,72526.95
2024-04-17,华东,美妆个护,3308,3339.51,0.9,0,0,0.37,降价阻击,4.0,51755.82
2024-04-18,华南,服装服饰,3017,1180.2,0.77,0,0,0.2,常规促销,4.1,13873.86
2024-04-18,华东,美妆个护,4861,3387.34,0.75,0,0,0.44,常规促销,4.6,57662.97
2024-04-18,华北,食品饮料,4942,6623.13,0.84,0,0,0.8,降价阻击,4.4,44730.14
2024-04-18,西南,食品饮料,2228,7281.09,0.66,0,0,0.84,无动作,4.5,26619.88
2024-04-18,华东,美妆个护,1696,4627.53,0.68,0,0,0.36,常规促销,4.1,24661.96
2024-04-19,西南,服装服饰,3734,4188.51,0.8,0,0,0.97,无动作,4.2,89685.44
2024-04-19,华东,服装服饰,1949,1215.77,0.98,0,0,0.6,常规促销,5.0,29499.18
2024-04-19,西南,食品饮料,3434,7154.43,0.9,0,0,0.93,无动作,3.8,32467.26
2024-04-20,华北,3C数码,6018,1091.07,0.68,1,0,0.77,降价阻击,4.1,188338.08
2024-04-20,西南,美妆个护,4985,7613.25,0.95,1,0,0.78,无动作,3.9,156201.56
2024-04-20,华东,美妆个护,5414,4424.51,0.91,1,0,0.27,无动作,4.6,55208.18
2024-04-20,西北,美妆个护,4714,3393.54,0.86,1,0,0.38,常规促销,4.6,64447.48
2024-04-20,华北,食品饮料,2865,7469.53,0.94,1,0,0.21,无动作,3.9,16831.81
2024-04-21,华东,服装服饰,6322,1170.74,0.79,1,0,0.77,常规促销,3.6,98117.46
2024-04-21,西南,服装服饰,6190,5069.97,0.73,1,0,0.48,无动作,3.5,68868.83
2024-04-21,华东,3C数码,4583,4842.53,0.83,1,0,0.83,常规促销,4.1,203821.68
2024-04-22,西南,服装服饰,4232,2535.24,0.84,0,0,0.47,无动作,4.1,38460.64
2024-04-22,华东,服装服饰,3247,4002.21,0.84,0,0,0.86,无动作,5.0,71433.88
2024-04-22,华北,服装服饰,3263,5565.85,0.85,0,0,0.3,无动作,4.2,21289.71
2024-04-24,华南,美妆个护,2969,6089.92,0.98,0,0,0.34,无动作,3.9,36649.05
2024-04-25,华东,食品饮料,1211,1005.02,0.97,0,0,0.47,无动作,4.8,1000.0
2024-04-25,华东,3C数码,1507,7557.97,0.96,0,0,0.53,无动作,4.2,83002.06
2024-04-25,华东,服装服饰,3063,2151.68,0.93,0,0,0.48,无动作,4.4,36888.93
2024-04-25,华南,食品饮料,2521,2635.06,0.98,0,0,0.81,无动作,3.6,30834.75
2024-04-25,华东,3C数码,3931,2844.31,0.68,0,0,0.28,无动作,4.1,44279.99
2024-04-26,华南,3C数码,1331,1264.74,0.74,0,0,0.48,常规促销,4.9,35377.2
2024-04-27,华东,3C数码,5608,1861.36,0.82,1,0,0.87,无动作,4.4,259943.08
2024-04-28,华东,服装服饰,7151,7904.45,0.95,1,0,0.25,无动作,4.0,40252.36
2024-04-28,华北,3C数码,3988,3206.52,0.83,1,0,0.95,常规促销,4.4,220694.08
2024-04-28,华东,食品饮料,5517,1807.11,0.91,1,0,0.99,无动作,4.9,56515.96
2024-04-29,西南,服装服饰,1941,1748.94,0.7,0,0,0.27,常规促销,3.9,18381.54
2024-04-29,西南,服装服饰,3303,6036.22,0.74,0,0,0.43,无动作,4.3,20086.79
2024-04-29,华北,服装服饰,4039,6981.98,0.91,0,0,0.5,无动作,4.9,64710.28
2024-04-29,华南,服装服饰,4837,2798.67,0.71,0,0,0.82,无动作,3.8,85838.13
2024-04-29,西南,美妆个护,1727,1146.37,0.77,0,0,0.68,常规促销,4.6,38276.39
2024-04-29,华东,美妆个护,1879,2561.63,0.74,0,0,0.72,常规促销,4.4,55680.49
2024-04-29,华东,美妆个护,3862,1395.61,0.77,0,0,0.81,无动作,4.5,83341.16
2024-04-30,华东,服装服饰,4243,1723.76,0.9,0,0,0.29,无动作,4.0,20147.74
2024-05-01,华北,食品饮料,9063,4020.56,0.78,0,1,0.87,降价阻击,4.0,71377.57
2024-05-01,华东,美妆个护,5914,2609.43,0.84,0,1,0.76,无动作,4.5,177181.14
2024-05-02,华南,美妆个护,9059,4611.62,0.68,0,1,0.66,无动作,3.8,206051.62
2024-05-02,西北,3C数码,8618,2774.46,0.93,0,1,0.91,降价阻击,4.1,362998.15
2024-05-03,西南,3C数码,10362,7583.76,0.78,0,1,0.76,常规促销,3.8,457600.93
2024-05-04,华南,服装服饰,11909,7341.61,0.88,1,1,0.36,无动作,3.5,104827.81
2024-05-04,华东,美妆个护,9448,4967.64,0.9,1,1,0.54,常规促销,5.0,197680.32
2024-05-04,西南,服装服饰,12324,3480.97,0.72,1,1,0.6,常规促销,4.1,172228.08
2024-05-05,华南,服装服饰,13925,3668.03,0.96,1,1,0.24,无动作,5.0,72997.2
2024-05-05,华东,食品饮料,12709,3882.97,0.87,1,1,0.96,无动作,3.7,141715.29
2024-05-06,华东,食品饮料,2009,6093.06,0.8,0,0,0.3,无动作,4.4,13509.78
2024-05-06,西南,食品饮料,2550,4161.47,0.71,0,0,0.76,降价阻击,3.8,22904.26
2024-05-06,华北,服装服饰,1803,6997.11,0.98,0,0,0.6,常规促销,4.7,45199.38
2024-05-06,西南,美妆个护,3878,7608.66,0.91,0,0,0.22,无动作,4.7,41839.36
2024-05-07,西南,服装服饰,4396,3351.62,0.72,0,0,0.94,常规促销,3.7,87052.44
2024-05-07,华南,3C数码,1213,4924.86,0.77,0,0,0.88,无动作,4.9,94103.15
2024-05-07,华南,3C数码,4279,1665.4,0.93,0,0,0.62,无动作,3.8,134343.95
2024-05-07,华南,服装服饰,1168,2403.28,0.89,0,0,0.38,无动作,4.4,5147.25
2024-05-08,华东,服装服饰,4401,3894.26,0.92,0,0,0.3,无动作,5.0,27220.09
2024-05-09,华南,美妆个护,4351,2443.42,0.8,0,0,0.49,常规促销,4.8,66210.42
2024-05-10,华北,3C数码,1977,7135.92,0.9,0,0,0.4,无动作,4.9,49916.8
2024-05-10,华北,美妆个护,2328,2108.0,0.79,0,0,0.61,常规促销,4.0,54731.3
2024-05-10,西南,服装服饰,1145,4189.63,0.72,0,0,0.97,无动作,3.7,13003.83
2024-05-11,华南,服装服饰,5468,5239.89,0.87,1,0,0.66,无动作,3.8,107099.86
2024-05-11,华北,服装服饰,2536,5843.05,0.99,1,0,0.91,降价阻击,4.3,69158.49
2024-05-11,华北,服装服饰,6661,3681.49,0.76,1,0,0.72,无动作,4.7,102405.0
2024-05-11,华南,服装服饰,3294,7083.69,0.81,1,0,0.58,无动作,3.7,54784.96
2024-05-11,华北,服装服饰,3522,4978.23,0.89,1,0,0.88,无动作,4.5,84059.03
2024-05-13,华东,3C数码,4382,4076.55,0.84,0,0,0.58,常规促销,4.0,136215.06
2024-05-13,华南,3C数码,1527,1470.68,0.95,0,0,0.89,无动作,4.0,84657.33
2024-05-14,华东,服装服饰,4298,4252.83,0.92,0,0,0.43,无动作,4.5,40627.68
2024-05-14,华南,食品饮料,2023,6745.15,0.67,0,0,0.3,无动作,4.2,8253.32
2024-05-14,华南,服装服饰,3521,5301.79,1.0,0,0,0.88,无动作,4.7,78103.41
2024-05-14,华北,美妆个护,2564,6825.14,0.91,0,0,0.67,常规促销,3.7,63052.2
2024-05-14,西北,美妆个护,4734,4458.08,0.95,0,0,0.91,无动作,4.7,145340.79
