Employee_ID,Join_Date,Department,Job_Level,Age,Commute_Distance_km,Monthly_Work_Hours,Project_Count,Satisfaction_Score,Is_Attrited
10001,2018-10-16,研发部,高级,27,3,179,2,1.8,已离职
10002,2023-06-23,运营部,中级,46,29,211,5,3.3,在职
10003,2019-03-10,运营部,中级,32,15,174,4,1.6,在职
10004,2018-12-29,市场部,初级,49,2,191,6,4.1,在职
10005,2020-07-05,研发部,初级,26,19,177,2,4.0,在职
10006,2019-09-06,人力资源部,中级,34,13,179,3,2.0,已离职
10007,2022-05-18,研发部,高级,29,4,209,6,1.0,在职
10008,2023-03-05,研发部,初级,35,116,215,4,3.6,在职
10009,2021-02-10,研发部,高级,26,6,184,4,1.3,已离职
10010,2021-05-06,客服部,初级,40,2,200,4,1.0,在职
10011,2022-07-03,研发部,初级,25,1,180,5,2.5,在职
10012,2021-06-28,运营部,中级,29,5,167,4,3.7,在职
10013,2021-12-27,运营部,中级,35,8,150,2,3.7,在职
10014,2019-07-01,研发部,高级,33,24,186,6,1.0,在职
10015,2022-02-14,市场部,初级,45,18,157,6,4.1,在职
10016,2021-09-17,市场部,中级,26,2,174,4,1.5,在职
10017,2020-06-19,研发部,初级,29,31,194,4,3.4,在职
10018,2018-03-13,客服部,中级,17,1,207,6,2.4,在职
10019,2022-06-15,市场部,中级,31,6,204,6,2.2,已离职
10020,2021-10-01,运营部,初级,31,2,169,3,1.4,在职
10021,2018-01-08,运营部,高级,32,2,150,2,5.0,在职
10022,2019-02-28,研发部,初级,21,18,174,6,4.0,已离职
10023,2020-04-18,研发部,中级,32,6,170,6,1.5,已离职
10024,2020-10-31,人力资源部,中级,33,7,189,3,1.3,在职
10025,2023-02-22,市场部,高级,30,15,194,5,1.8,在职
10026,2019-02-18,市场部,中级,26,5,176,4,4.0,在职
10027,2023-04-18,研发部,初级,46,21,179,3,1.5,在职
10028,2018-12-22,运营部,中级,30,2,248,5,1.0,已离职
10029,2021-01-06,研发部,初级,27,3,181,4,3.7,在职
10030,2020-10-22,研发部,高级,35,6,211,2,4.3,在职
10031,2022-07-07,研发部,中级,24,44,201,6,3.6,在职
10032,2018-10-24,运营部,中级,37,2,174,5,4.1,在职
10033,2022-01-26,运营部,高级,30,15,217,5,3.5,在职
10034,2018-04-19,运营部,中级,34,1,181,4,5.0,在职
10035,2018-07-26,运营部,初级,30,6,182,4,2.4,在职
10036,2020-06-26,运营部,高级,37,9,180,2,1.4,已离职
10037,2019-09-07,市场部,专家,35,46,175,6,2.8,已离职
10038,2019-02-05,研发部,初级,28,1,152,6,1.9,已离职
10039,2020-07-17,研发部,中级,44,9,167,5,2.6,在职
10040,2020-02-13,研发部,专家,35,22,140,3,4.5,在职
10041,2020-10-12,客服部,中级,21,15,210,5,2.7,在职
10042,2019-10-24,研发部,初级,24,26,161,2,4.4,在职
10043,2018-09-17,运营部,中级,30,10,144,4,3.9,在职
10044,2021-07-01,研发部,初级,30,6,205,5,1.9,已离职
10045,2021-05-31,研发部,初级,36,13,169,5,1.6,在职
10046,2019-08-25,市场部,初级,39,1,181,5,3.4,在职
10047,2022-08-05,运营部,初级,42,7,167,3,2.2,在职
10048,2021-02-04,市场部,高级,25,2,181,2,3.0,在职
10049,2022-11-17,客服部,专家,35,24,200,6,1.3,在职
10050,2022-05-03,运营部,初级,26,5,148,4,1.8,已离职
10051,2022-05-23,市场部,中级,19,27,183,4,1.1,已离职
10052,2023-05-21,研发部,专家,21,16,182,6,1.1,在职
10053,2021-07-27,研发部,中级,41,6,190,2,4.0,在职
10054,2021-09-19,研发部,中级,23,4,188,3,2.9,在职
10055,2020-10-16,运营部,高级,27,9,145,5,5.0,在职
10056,2018-11-04,客服部,初级,31,11,174,6,2.0,已离职
10057,2021-12-20,市场部,中级,42,1,229,3,2.2,在职
10058,2022-04-14,研发部,中级,29,16,174,5,3.8,已离职
10059,2019-05-15,客服部,中级,32,28,155,4,2.9,在职
10060,2018-05-05,研发部,高级,32,8,205,2,3.2,在职
10061,2019-09-15,客服部,中级,34,7,158,2,1.9,在职
10062,2021-02-22,研发部,初级,40,22,174,3,2.5,在职
10063,2022-09-24,市场部,中级,25,1,136,5,4.6,在职
10064,2019-08-24,市场部,中级,31,11,181,5,4.1,在职
10065,2019-02-10,人力资源部,高级,38,10,189,2,3.6,已离职
10066,2020-07-13,运营部,初级,32,13,184,2,1.5,在职
10067,2023-02-16,研发部,高级,41,17,167,5,3.8,在职
10068,2018-06-16,运营部,专家,41,1,129,6,3.4,在职
10069,2020-10-21,研发部,初级,38,3,210,6,2.0,已离职
10070,2018-10-18,研发部,初级,28,7,145,5,4.9,在职
10071,2020-04-23,市场部,中级,31,2,155,4,5.0,在职
10072,2020-03-13,运营部,高级,26,3,203,6,3.5,在职
10073,2020-09-15,市场部,初级,31,5,147,6,2.2,在职
10074,2018-11-28,市场部,初级,28,4,202,6,2.5,已离职
10075,2019-04-24,运营部,高级,32,3,156,5,4.1,在职
10076,2023-04-30,研发部,中级,30,4,183,5,2.0,在职
10077,2019-09-27,研发部,专家,28,15,163,4,3.0,已离职
10078,2018-11-03,客服部,高级,31,1,154,3,1.5,在职
10079,2019-03-22,运营部,中级,30,5,182,3,3.4,在职
10080,2019-07-04,运营部,初级,26,3,189,5,1.7,在职
10081,2020-10-11,客服部,初级,39,5,185,3,2.5,在职
10082,2019-07-21,市场部,中级,26,1,248,2,1.0,在职
10083,2019-12-07,客服部,中级,34,3,178,4,4.6,在职
10084,2018-06-27,运营部,初级,28,2,178,4,2.8,在职
10085,2019-03-17,研发部,初级,34,2,187,5,1.5,已离职
10086,2018-12-09,人力资源部,初级,31,6,158,5,4.3,在职
10087,2022-05-17,运营部,初级,34,10,201,3,1.5,在职
10088,2018-07-26,运营部,初级,29,19,168,4,1.5,在职
10089,2022-01-27,运营部,中级,27,10,194,3,1.5,已离职
10090,2018-03-23,运营部,高级,36,5,164,2,3.2,在职
10091,2019-06-24,市场部,中级,39,12,183,2,3.0,在职
10092,2020-06-01,客服部,中级,27,13,190,6,1.0,在职
10093,2020-12-09,市场部,初级,34,16,139,5,2.8,在职
10094,2018-01-08,研发部,初级,17,3,143,5,3.2,在职
10095,2019-10-07,研发部,中级,38,6,153,6,4.9,已离职
10096,2018-06-13,市场部,初级,25,18,174,3,1.9,在职
10097,2021-01-15,客服部,中级,36,5,186,4,1.9,在职
10098,2019-04-22,研发部,初级,37,1,167,4,1.6,在职
10099,2018-11-23,市场部,初级,41,30,206,4,3.1,在职
10100,2020-06-12,运营部,中级,34,2,148,6,4.4,在职
10101,2023-04-11,市场部,初级,25,3,202,6,2.3,已离职
10102,2020-07-31,客服部,中级,26,14,143,5,5.0,在职
10103,2021-08-21,运营部,中级,32,24,151,3,5.0,在职
10104,2019-04-13,市场部,专家,27,7,137,6,5.0,在职
10105,2022-05-04,市场部,专家,29,1,197,6,1.0,已离职
10106,2019-04-24,运营部,初级,27,9,207,4,3.1,在职
10107,2019-04-07,运营部,初级,33,16,153,6,4.5,在职
10108,2019-09-09,客服部,高级,26,3,159,2,3.6,在职
10109,2021-03-16,研发部,中级,21,4,164,2,1.8,在职
10110,2018-07-19,市场部,中级,40,3,212,2,2.0,在职
10111,2020-10-05,研发部,初级,27,78,153,4,4.0,在职
10112,2019-12-15,运营部,中级,38,10,186,6,4.5,在职
10113,2019-05-22,人力资源部,初级,33,2,169,3,3.4,在职
10114,2022-02-20,运营部,初级,49,18,181,5,1.5,已离职
10115,2018-04-25,运营部,中级,29,7,211,5,2.2,已离职
10116,2021-07-10,客服部,高级,33,3,200,6,4.4,在职
10117,2019-07-10,运营部,初级,42,2,171,5,2.7,在职
10118,2022-09-05,人力资源部,初级,36,3,186,5,2.2,在职
10119,2019-04-23,研发部,高级,30,8,174,5,2.6,在职
10120,2020-05-01,市场部,中级,30,9,153,4,5.0,在职
10121,2019-09-12,研发部,初级,30,10,190,2,2.4,已离职
10122,2022-02-03,客服部,高级,32,5,194,6,1.9,在职
10123,2021-10-16,研发部,中级,31,13,153,5,2.6,在职
10124,2022-07-29,客服部,初级,25,6,187,6,1.0,已离职
10125,2022-02-01,运营部,高级,31,28,182,3,3.1,已离职
10126,2019-03-04,客服部,初级,30,1,212,4,3.8,在职
10127,2021-10-27,运营部,高级,31,3,159,4,5.0,在职
10128,2022-09-22,运营部,中级,34,26,162,6,1.4,在职
10129,2022-05-14,运营部,初级,31,1,179,6,4.5,在职
10130,2023-01-29,客服部,中级,31,13,188,3,3.4,在职
10131,2019-01-17,研发部,初级,41,3,184,3,4.9,在职
10132,2019-12-08,研发部,初级,24,4,138,6,3.4,在职
10133,2019-08-07,研发部,专家,25,7,180,3,1.1,在职
10134,2018-11-28,研发部,初级,36,4,200,5,4.1,在职
10135,2022-04-14,客服部,初级,33,15,183,2,2.7,在职
10136,2020-08-03,客服部,初级,23,7,183,5,4.4,在职
10137,2018-03-19,客服部,初级,23,2,191,3,1.5,在职
10138,2018-07-21,市场部,中级,28,11,194,3,2.5,在职
10139,2021-07-30,市场部,初级,24,5,187,4,3.3,在职
10140,2023-05-10,市场部,中级,38,2,209,4,3.8,已离职
10141,2018-03-31,市场部,初级,31,24,180,3,3.4,在职
10142,2019-05-04,客服部,高级,35,1,221,5,2.5,在职
10143,2018-05-21,研发部,中级,22,18,183,3,1.1,在职
10144,2018-07-04,客服部,中级,33,10,194,5,1.7,已离职
10145,2021-07-20,研发部,中级,29,17,178,2,1.3,在职
10146,2019-04-02,市场部,中级,30,7,208,2,2.6,已离职
10147,2023-04-14,运营部,中级,28,6,158,2,1.8,在职
10148,2022-06-26,运营部,中级,37,10,162,3,5.0,在职
10149,2023-04-05,研发部,高级,31,3,179,6,3.3,已离职
10150,2021-12-15,研发部,中级,46,6,182,2,3.9,在职
10151,2018-09-18,市场部,初级,28,12,220,3,2.1,在职
10152,2020-09-03,研发部,初级,33,3,173,5,1.2,在职
10153,2019-02-14,研发部,初级,30,2,182,5,1.3,在职
10154,2018-09-11,市场部,初级,24,34,170,6,1.4,已离职
10155,2019-11-21,市场部,初级,32,21,175,2,2.2,在职
10156,2018-10-09,市场部,中级,33,26,156,3,4.0,在职
10157,2018-05-13,运营部,中级,34,8,159,5,1.9,已离职
10158,2021-02-27,客服部,中级,30,22,153,6,4.1,在职
10159,2021-05-30,市场部,初级,36,20,204,3,4.4,在职
10160,2018-01-12,研发部,初级,27,25,167,4,3.9,在职
10161,2021-03-05,研发部,中级,30,7,193,4,2.0,已离职
10162,2020-10-12,研发部,中级,29,9,200,5,1.3,已离职
10163,2020-08-16,研发部,初级,32,26,170,2,1.7,在职
10164,2022-04-15,研发部,中级,16,10,185,6,4.7,在职
10165,2019-11-20,市场部,高级,21,3,202,6,4.0,在职
10166,2018-11-08,研发部,中级,26,53,184,4,3.3,在职
10167,2020-02-09,市场部,专家,39,23,189,3,4.1,在职
10168,2018-02-01,研发部,初级,22,2,212,6,1.9,在职
10169,2021-04-28,研发部,初级,34,28,167,3,1.4,在职
10170,2020-11-06,人力资源部,初级,27,5,176,5,5.0,已离职
10171,2020-04-06,市场部,初级,30,7,148,5,3.5,在职
10172,2020-06-05,运营部,初级,35,4,177,2,4.8,在职
10173,2019-04-30,客服部,专家,39,12,175,6,2.1,已离职
10174,2022-03-16,研发部,初级,38,10,167,5,3.6,在职
10175,2023-05-30,研发部,高级,36,5,147,6,5.0,在职
10176,2021-12-17,市场部,初级,38,1,174,6,2.2,在职
10177,2018-03-14,市场部,初级,22,3,219,2,1.0,在职
10178,2019-04-15,客服部,高级,28,8,176,6,3.3,在职
10179,2018-11-04,客服部,中级,27,6,156,4,1.7,已离职
10180,2022-12-18,客服部,高级,36,1,132,4,2.6,在职
10181,2018-02-19,研发部,初级,31,10,175,5,2.8,在职
10182,2020-12-24,运营部,中级,33,6,184,2,1.4,在职
10183,2021-12-07,市场部,初级,54,4,151,3,3.7,在职
10184,2019-11-22,市场部,中级,33,4,172,5,4.2,在职
10185,2018-08-27,市场部,中级,29,5,206,4,2.4,在职
10186,2018-08-19,客服部,中级,40,2,164,3,3.2,已离职
10187,2022-02-22,研发部,高级,27,3,145,2,5.0,在职
10188,2019-02-06,市场部,中级,17,20,185,3,3.8,在职
10189,2020-07-01,研发部,中级,35,4,165,6,1.6,已离职
10190,2019-12-24,研发部,专家,37,2,203,4,3.3,在职
10191,2022-12-14,客服部,初级,25,3,193,2,2.3,在职
10192,2018-08-22,运营部,中级,44,5,210,2,3.2,在职
10193,2023-06-07,市场部,中级,42,5,186,3,3.4,已离职
10194,2021-05-08,客服部,初级,24,5,182,3,2.5,在职
10195,2019-12-01,运营部,初级,27,2,189,2,4.0,在职
10196,2018-09-07,运营部,中级,46,4,178,3,4.5,已离职
10197,2018-09-05,市场部,高级,25,13,217,2,2.2,已离职
10198,2022-01-15,市场部,中级,34,2,172,6,2.3,在职
10199,2019-02-16,研发部,初级,32,17,183,2,2.5,在职
10200,2018-12-04,研发部,初级,24,7,177,2,4.4,在职
10201,2018-07-27,研发部,初级,32,2,193,2,2.2,在职
10202,2021-01-01,研发部,中级,41,21,191,5,2.7,在职
10203,2020-02-15,运营部,初级,39,4,180,5,3.5,在职
10204,2018-08-21,研发部,初级,27,8,168,5,1.2,已离职
10205,2023-04-22,客服部,初级,23,12,199,5,1.9,已离职
10206,2020-06-12,市场部,中级,31,48,165,3,1.4,在职
10207,2021-07-23,研发部,初级,36,3,175,5,5.0,已离职
10208,2020-10-18,研发部,高级,31,7,207,3,3.0,在职
10209,2022-03-18,运营部,初级,35,1,154,4,2.0,已离职
10210,2022-12-26,运营部,中级,31,8,166,3,2.0,已离职
10211,2020-09-24,研发部,中级,40,10,168,4,1.8,在职
10212,2020-11-07,研发部,初级,33,1,165,5,4.4,在职
10213,2018-05-01,研发部,中级,32,10,198,2,1.2,在职
10214,2019-03-19,市场部,中级,45,12,171,3,3.2,在职
10215,2023-03-13,市场部,中级,21,46,169,4,2.0,在职
10216,2021-11-28,研发部,中级,24,8,120,6,4.7,在职
10217,2021-01-13,市场部,初级,37,3,204,4,1.9,在职
10218,2018-06-16,客服部,初级,32,2,160,6,3.7,已离职
10219,2019-05-01,市场部,初级,29,2,157,6,1.6,已离职
10220,2019-10-27,客服部,中级,39,2,174,6,3.9,在职
10221,2022-07-21,市场部,中级,27,2,171,2,3.1,在职
10222,2018-03-21,客服部,中级,20,5,193,5,1.1,在职
10223,2018-07-01,研发部,初级,26,3,176,2,1.9,在职
10224,2022-12-29,研发部,初级,34,2,167,5,3.2,在职
10225,2020-08-08,市场部,中级,28,9,235,5,1.6,已离职
10226,2018-06-02,研发部,中级,26,2,199,2,4.0,在职
10227,2022-09-09,市场部,中级,36,25,233,5,1.2,在职
10228,2021-07-24,运营部,中级,29,9,193,2,3.2,在职
10229,2022-10-22,运营部,高级,40,14,187,2,2.7,在职
10230,2018-05-04,研发部,中级,29,5,182,2,2.4,在职
10231,2019-06-01,市场部,初级,34,17,143,5,3.4,在职
10232,2022-06-03,市场部,初级,27,5,140,4,4.4,已离职
10233,2020-07-09,客服部,初级,27,1,179,5,4.2,在职
10234,2020-07-09,研发部,中级,33,6,168,4,3.0,在职
10235,2021-01-01,客服部,初级,27,5,208,4,3.5,在职
10236,2020-04-15,研发部,中级,20,25,198,6,4.4,已离职
10237,2020-12-19,运营部,中级,23,14,168,3,5.0,在职
10238,2021-09-01,研发部,中级,33,4,189,3,1.7,已离职
10239,2020-04-24,客服部,中级,24,11,175,5,2.8,在职
10240,2019-02-07,运营部,初级,27,5,148,2,2.7,在职
10241,2019-07-10,市场部,中级,32,3,195,6,2.1,在职
10242,2022-11-03,运营部,初级,31,8,174,6,4.2,在职
10243,2018-11-08,市场部,专家,27,3,173,6,2.7,在职
10244,2018-06-11,研发部,初级,29,4,161,6,1.5,在职
10245,2022-01-18,研发部,高级,24,3,189,3,4.8,在职
10246,2020-03-23,研发部,中级,32,27,179,3,1.3,已离职
10247,2020-12-22,运营部,初级,26,4,176,5,3.9,在职
10248,2023-03-20,客服部,中级,24,4,193,5,1.0,已离职
10249,2019-05-05,市场部,初级,28,5,202,5,4.4,在职
10250,2020-12-09,客服部,高级,41,1,153,6,3.5,已离职
10251,2019-08-09,研发部,中级,34,12,152,3,4.2,在职
10252,2018-03-17,客服部,初级,36,10,165,6,3.8,在职
10253,2018-02-27,运营部,中级,27,7,201,4,1.3,已离职
10254,2022-11-10,运营部,中级,35,3,175,4,3.4,在职
10255,2023-05-20,客服部,初级,31,7,200,6,3.2,在职
10256,2019-08-01,市场部,初级,42,1,163,4,5.0,在职
10257,2020-03-17,市场部,初级,29,3,180,4,1.5,在职
10258,2021-11-13,运营部,高级,33,8,189,4,4.1,在职
10259,2022-09-15,市场部,中级,26,5,184,4,2.5,已离职
10260,2019-08-13,市场部,中级,28,22,171,6,5.0,在职
10261,2020-05-26,市场部,中级,32,1,189,5,1.8,在职
10262,2019-08-16,研发部,高级,22,11,145,4,3.1,在职
10263,2019-03-02,研发部,初级,22,3,202,6,3.0,在职
10264,2020-04-15,人力资源部,中级,23,7,190,4,1.0,在职
10265,2023-05-03,市场部,初级,27,46,206,3,2.0,在职
10266,2019-07-25,市场部,专家,38,9,174,3,3.9,在职
10267,2020-10-01,市场部,初级,32,3,198,5,1.5,已离职
10268,2018-12-21,研发部,高级,32,12,159,5,1.9,在职
10269,2021-05-21,研发部,初级,40,3,204,5,2.2,在职
10270,2018-03-06,人力资源部,初级,36,1,203,6,2.7,在职
10271,2020-12-03,客服部,初级,34,1,176,5,1.1,已离职
10272,2020-01-09,运营部,高级,28,23,147,2,2.9,在职
10273,2020-07-09,市场部,高级,31,1,188,6,3.3,在职
10274,2018-10-05,研发部,中级,32,12,164,3,5.0,在职
10275,2021-06-06,研发部,中级,26,8,181,5,2.2,在职
10276,2022-12-26,研发部,中级,37,1,197,6,2.9,在职
10277,2020-06-15,客服部,高级,38,9,213,2,1.4,已离职
10278,2021-07-24,客服部,中级,24,38,196,2,3.5,在职
10279,2018-08-04,研发部,初级,25,4,126,6,5.0,在职
10280,2018-07-14,研发部,中级,40,6,150,4,2.8,已离职
10281,2021-01-17,市场部,中级,33,29,203,5,1.6,在职
10282,2022-05-14,运营部,初级,29,15,191,3,1.0,在职
10283,2022-03-23,市场部,初级,28,4,183,3,1.2,在职
10284,2020-07-14,研发部,中级,34,22,177,5,5.0,在职
10285,2018-12-11,人力资源部,初级,28,27,190,6,3.0,在职
10286,2022-10-22,研发部,中级,24,11,191,3,4.7,在职
10287,2019-07-02,人力资源部,高级,36,6,184,3,2.0,在职
10288,2022-02-12,研发部,初级,33,3,150,3,4.1,在职
10289,2021-11-30,运营部,初级,24,12,195,2,4.6,在职
10290,2019-10-09,市场部,初级,38,12,157,5,2.6,已离职
10291,2023-04-18,研发部,初级,31,1,185,5,1.3,在职
10292,2019-07-14,运营部,初级,36,2,170,4,2.7,在职
10293,2021-10-29,研发部,初级,35,16,154,6,3.1,在职
10294,2019-02-13,研发部,初级,29,3,188,4,4.2,在职
10295,2020-09-18,研发部,高级,21,7,182,6,3.0,已离职
10296,2023-04-08,市场部,高级,21,18,178,6,4.1,已离职
10297,2020-01-18,运营部,高级,25,1,204,5,3.7,在职
10298,2021-04-07,运营部,初级,27,12,186,6,4.1,在职
10299,2020-11-30,运营部,初级,31,1,166,2,4.7,在职
10300,2018-09-13,运营部,高级,27,4,170,6,2.2,已离职
10301,2019-05-07,研发部,中级,35,1,132,2,4.0,在职
10302,2018-02-05,研发部,高级,25,12,219,5,3.7,已离职
10303,2022-04-26,市场部,专家,46,4,155,3,3.8,在职
10304,2020-04-08,运营部,中级,34,4,204,5,4.1,在职
10305,2022-08-27,市场部,初级,20,7,174,4,3.7,在职
10306,2022-12-19,市场部,专家,27,5,181,5,1.6,已离职
10307,2022-07-16,市场部,中级,30,7,196,6,2.8,在职
10308,2020-10-24,市场部,初级,20,18,175,4,3.6,在职
10309,2019-06-01,客服部,中级,44,25,141,3,2.5,在职
10310,2023-06-07,市场部,高级,38,1,146,5,3.8,在职
10311,2022-12-04,研发部,初级,39,6,161,5,3.8,在职
10312,2018-03-16,研发部,初级,35,2,180,5,3.5,在职
10313,2020-08-24,研发部,初级,30,3,162,4,2.7,在职
10314,2021-12-23,运营部,中级,26,10,169,4,3.4,在职
10315,2020-05-16,运营部,初级,28,9,179,2,4.5,在职
10316,2019-01-09,运营部,初级,27,11,164,5,5.0,在职
10317,2019-05-04,研发部,初级,26,23,187,5,4.4,在职
10318,2019-05-17,运营部,初级,32,1,186,2,3.4,在职
10319,2020-01-14,研发部,初级,38,3,170,6,4.1,在职
10320,2018-08-02,研发部,专家,34,3,190,6,4.2,在职
10321,2020-05-23,研发部,高级,29,11,185,2,1.5,在职
10322,2021-10-18,市场部,中级,25,9,225,4,4.0,已离职
10323,2020-11-03,运营部,高级,34,23,180,6,1.5,在职
10324,2023-02-24,市场部,初级,28,11,140,2,2.3,在职
10325,2019-01-17,运营部,初级,30,4,175,4,1.9,在职
10326,2020-01-21,运营部,中级,33,3,134,6,4.9,在职
10327,2020-06-19,市场部,高级,24,35,201,2,3.9,在职
10328,2021-09-21,研发部,高级,29,30,178,4,2.2,已离职
10329,2022-09-05,客服部,中级,30,2,179,6,3.5,在职
10330,2022-03-18,运营部,中级,27,8,181,6,3.7,在职
10331,2022-10-30,市场部,中级,39,37,202,5,2.6,在职
10332,2022-07-14,运营部,初级,27,2,155,3,2.3,在职
10333,2022-03-28,研发部,中级,31,2,201,5,4.0,在职
10334,2020-01-17,运营部,初级,22,9,186,3,2.5,在职
10335,2021-11-08,研发部,高级,26,5,191,4,1.9,在职
10336,2018-04-07,客服部,初级,42,14,216,2,1.0,已离职
10337,2020-10-02,研发部,初级,31,11,181,6,2.6,在职
10338,2022-11-03,研发部,中级,28,7,170,5,4.3,在职
10339,2020-09-27,客服部,中级,27,20,148,6,4.1,在职
10340,2023-02-25,市场部,中级,30,8,221,6,3.0,已离职
10341,2021-05-24,人力资源部,中级,31,4,181,6,2.2,已离职
10342,2023-04-21,运营部,中级,27,15,173,3,4.8,在职
10343,2020-05-16,客服部,初级,31,6,191,2,2.1,已离职
10344,2021-04-05,客服部,高级,20,21,170,3,3.9,在职
10345,2023-02-13,客服部,初级,31,8,166,4,1.8,在职
10346,2020-01-07,运营部,高级,44,16,165,2,1.3,已离职
10347,2021-05-25,市场部,中级,33,5,191,2,2.8,在职
10348,2021-10-11,运营部,高级,31,6,181,5,3.1,在职
10349,2019-03-09,市场部,初级,42,4,143,2,2.3,在职
10350,2022-10-06,运营部,初级,25,4,176,2,2.7,在职
10351,2022-08-27,客服部,高级,29,10,155,4,5.0,在职
10352,2020-08-16,市场部,中级,28,6,201,2,4.0,在职
10353,2022-09-07,市场部,初级,17,5,206,5,1.9,在职
10354,2019-09-08,市场部,初级,23,31,183,3,4.2,在职
10355,2020-03-07,研发部,高级,39,23,230,5,2.5,在职
10356,2018-09-13,市场部,中级,32,18,185,2,2.3,在职
10357,2018-04-06,市场部,初级,45,2,210,3,2.4,在职
10358,2019-03-08,客服部,初级,37,4,171,2,1.8,在职
10359,2019-03-04,市场部,高级,25,21,188,5,1.0,在职
10360,2020-11-23,运营部,初级,28,13,171,3,2.1,已离职
10361,2021-08-02,人力资源部,中级,30,4,172,6,3.1,已离职
10362,2021-04-03,客服部,中级,31,17,188,3,1.6,在职
10363,2019-12-20,客服部,高级,29,11,174,6,4.6,在职
10364,2020-09-21,研发部,中级,29,13,204,6,2.1,在职
10365,2019-04-08,研发部,中级,36,2,152,6,2.8,在职
10366,2018-06-08,研发部,初级,26,6,197,2,4.7,在职
10367,2023-01-22,研发部,中级,36,11,192,3,4.3,在职
10368,2023-06-16,客服部,初级,24,17,146,5,1.8,已离职
10369,2020-02-01,运营部,初级,30,24,194,2,3.1,在职
10370,2019-12-12,运营部,中级,37,4,165,3,2.0,在职
10371,2019-12-29,市场部,专家,40,8,189,4,3.3,在职
10372,2019-03-25,市场部,中级,37,3,186,6,3.2,在职
10373,2020-12-15,研发部,初级,29,10,174,6,2.4,在职
10374,2020-08-13,市场部,高级,37,31,186,2,3.4,在职
10375,2018-09-20,运营部,初级,32,6,195,2,2.6,在职
10376,2018-01-26,运营部,初级,30,12,161,6,2.7,在职
10377,2023-05-09,研发部,中级,33,8,180,5,4.9,在职
10378,2020-09-12,客服部,初级,25,5,181,2,1.3,已离职
10379,2021-04-06,研发部,初级,40,16,183,5,1.4,在职
10380,2018-12-30,客服部,高级,20,8,207,5,2.1,已离职
10381,2018-07-28,市场部,中级,24,4,167,4,4.2,在职
10382,2018-01-22,运营部,中级,35,14,188,6,1.5,在职
10383,2020-12-01,运营部,专家,29,30,177,2,2.6,已离职
10384,2022-03-24,客服部,初级,26,4,177,6,4.9,在职
10385,2021-07-05,研发部,中级,28,8,165,3,4.0,在职
10386,2022-11-05,人力资源部,初级,32,1,157,5,3.0,在职
10387,2022-06-08,研发部,中级,28,13,210,4,4.4,在职
10388,2023-01-26,研发部,中级,31,8,160,3,4.5,在职
10389,2020-12-26,客服部,初级,29,6,204,4,4.3,在职
10390,2023-01-01,客服部,初级,31,20,188,4,4.3,在职
10391,2018-01-16,客服部,初级,24,2,180,4,2.0,已离职
10392,2023-03-30,运营部,初级,25,2,175,3,4.5,在职
10393,2019-02-24,研发部,高级,20,16,182,6,1.4,在职
10394,2023-02-14,运营部,初级,39,7,178,5,1.3,已离职
10395,2018-06-06,客服部,初级,39,13,180,6,1.1,在职
10396,2022-08-13,客服部,初级,34,2,199,5,1.6,已离职
10397,2019-05-29,运营部,中级,34,10,151,5,2.4,在职
10398,2018-09-21,研发部,高级,32,3,197,4,4.5,在职
10399,2021-03-14,研发部,中级,25,10,212,2,1.0,已离职
10400,2022-08-16,客服部,高级,32,1,200,5,2.4,在职
10401,2023-03-10,客服部,中级,28,3,201,4,4.2,在职
10402,2020-10-29,市场部,高级,26,6,224,2,1.0,在职
10403,2021-03-30,研发部,中级,20,18,179,5,3.1,在职
10404,2021-01-23,研发部,专家,39,3,159,3,5.0,在职
10405,2023-01-07,研发部,中级,36,11,171,6,4.4,在职
10406,2019-09-13,研发部,初级,26,10,182,6,3.3,在职
10407,2019-02-21,研发部,高级,26,36,178,6,4.2,在职
10408,2022-03-02,研发部,中级,37,6,195,2,2.3,在职
10409,2020-12-16,客服部,初级,32,18,158,3,5.0,在职
10410,2018-02-27,客服部,初级,30,8,187,4,3.2,在职
10411,2019-05-11,运营部,初级,30,27,183,2,2.3,已离职
10412,2023-02-27,运营部,初级,30,7,155,5,4.1,在职
10413,2023-01-18,运营部,初级,33,3,142,5,5.0,在职
10414,2018-01-18,运营部,中级,34,6,196,3,2.9,在职
10415,2021-06-04,运营部,初级,27,11,175,5,3.8,在职
10416,2020-02-06,研发部,高级,24,39,195,3,2.4,在职
10417,2018-02-03,研发部,中级,27,4,151,6,3.8,在职
10418,2021-09-08,运营部,初级,29,8,155,6,2.4,在职
10419,2020-12-12,人力资源部,专家,25,7,186,2,1.0,在职
10420,2022-04-25,研发部,初级,31,2,208,6,1.0,在职
10421,2019-10-10,客服部,中级,34,6,152,4,5.0,在职
10422,2018-07-22,运营部,中级,19,20,197,6,3.2,在职
10423,2022-09-28,运营部,初级,34,19,181,2,4.4,在职
10424,2018-10-26,运营部,初级,35,8,201,5,3.3,已离职
10425,2020-08-24,研发部,专家,39,4,186,2,2.9,在职
10426,2018-07-16,研发部,初级,26,4,196,2,3.9,在职
10427,2023-05-26,市场部,高级,30,23,166,5,4.4,已离职
10428,2019-12-04,市场部,中级,40,14,179,3,3.0,在职
10429,2018-01-05,研发部,高级,31,25,210,2,1.5,已离职
10430,2019-11-05,人力资源部,中级,26,4,206,2,2.9,已离职
10431,2020-03-21,客服部,初级,35,24,205,4,1.0,在职
10432,2020-10-21,市场部,中级,34,16,191,5,4.7,在职
10433,2020-11-07,市场部,初级,23,25,194,4,3.0,在职
10434,2021-07-22,研发部,中级,24,14,178,5,2.1,已离职
10435,2020-11-27,市场部,高级,30,24,185,4,3.8,在职
10436,2023-05-08,研发部,初级,30,6,164,4,4.5,在职
10437,2022-11-25,人力资源部,高级,41,1,150,5,1.9,在职
10438,2021-09-18,客服部,中级,26,1,177,6,3.7,在职
10439,2022-10-12,市场部,中级,38,16,200,5,1.8,已离职
10440,2022-07-22,运营部,中级,27,1,153,6,2.4,在职
10441,2023-05-01,研发部,初级,41,28,170,3,3.9,已离职
10442,2021-08-03,运营部,高级,27,43,220,2,2.2,在职
10443,2020-06-24,研发部,专家,36,8,176,5,3.2,在职
10444,2021-03-07,研发部,初级,24,12,176,3,5.0,在职
10445,2019-07-26,研发部,中级,23,27,174,2,1.1,已离职
10446,2021-03-02,运营部,初级,35,14,187,5,4.8,在职
10447,2019-01-20,研发部,初级,27,12,194,6,2.7,在职
10448,2018-12-09,研发部,初级,32,12,186,5,2.1,已离职
10449,2018-01-19,客服部,初级,34,2,195,5,4.6,在职
10450,2019-10-25,研发部,中级,22,2,191,4,1.0,在职
10451,2022-08-12,运营部,中级,33,10,205,5,1.0,在职
10452,2019-06-14,客服部,中级,29,14,208,5,3.8,已离职
10453,2021-01-16,研发部,初级,35,17,192,5,2.6,在职
10454,2020-02-24,研发部,高级,28,25,187,5,3.0,在职
10455,2021-11-08,市场部,中级,32,15,192,2,1.0,在职
10456,2020-02-29,运营部,中级,33,11,204,4,4.1,在职
10457,2021-05-15,市场部,中级,32,2,205,3,3.2,在职
10458,2021-02-26,研发部,中级,29,9,159,5,2.2,在职
10459,2019-04-17,研发部,中级,33,11,154,5,1.5,在职
10460,2020-04-28,运营部,中级,25,31,183,3,4.1,在职
10461,2020-10-04,研发部,初级,45,2,172,5,2.9,在职
10462,2021-07-08,研发部,初级,17,18,174,2,2.5,在职
10463,2023-04-06,研发部,中级,41,17,159,5,3.4,在职
10464,2019-07-23,客服部,初级,23,4,171,6,3.4,在职
10465,2022-09-05,运营部,中级,35,6,180,2,3.2,在职
10466,2023-03-01,市场部,初级,31,16,175,6,3.7,在职
10467,2019-10-20,客服部,中级,28,13,195,3,4.2,在职
10468,2023-03-07,研发部,中级,26,3,131,2,2.3,已离职
10469,2020-09-26,客服部,初级,43,5,189,6,4.6,在职
10470,2020-01-13,市场部,初级,36,1,147,3,3.1,在职
10471,2019-12-28,研发部,初级,40,1,198,2,3.5,已离职
10472,2020-01-14,运营部,初级,29,12,162,2,1.8,在职
10473,2019-04-19,研发部,专家,31,2,154,2,3.9,在职
10474,2018-10-07,研发部,中级,19,1,173,2,4.3,在职
10475,2022-06-30,研发部,中级,35,1,148,3,1.8,在职
10476,2018-05-03,运营部,初级,25,19,202,2,4.5,在职
10477,2022-09-24,市场部,高级,40,4,179,2,2.4,已离职
10478,2019-04-03,运营部,中级,31,5,206,2,4.0,在职
10479,2020-07-09,人力资源部,初级,36,3,169,6,3.8,在职
10480,2021-04-04,市场部,中级,23,3,206,4,1.0,在职
10481,2020-05-02,研发部,初级,21,5,180,2,2.5,在职
10482,2018-03-01,研发部,中级,31,14,227,2,2.0,在职
10483,2022-04-17,研发部,高级,36,1,185,2,2.8,已离职
10484,2019-03-23,研发部,中级,31,2,155,3,1.6,已离职
10485,2023-05-29,市场部,中级,25,5,207,3,2.2,在职
10486,2022-04-10,运营部,初级,21,19,182,2,2.5,在职
10487,2020-08-31,运营部,初级,17,8,169,2,3.4,在职
10488,2018-07-09,运营部,初级,24,18,189,6,4.3,在职
10489,2022-08-16,市场部,中级,31,10,205,2,2.7,在职
10490,2019-04-30,研发部,中级,43,5,166,2,5.0,在职
10491,2022-08-02,市场部,高级,37,20,199,6,4.1,在职
10492,2020-06-15,客服部,初级,20,7,140,2,3.5,在职
10493,2020-01-21,客服部,高级,37,8,189,2,2.3,在职
10494,2019-05-19,研发部,中级,39,1,166,6,4.3,在职
10495,2020-04-09,研发部,中级,32,5,191,3,2.8,在职
10496,2019-06-25,运营部,中级,19,6,173,2,3.2,在职
10497,2020-05-24,运营部,中级,29,3,202,3,2.6,在职
10498,2018-01-28,研发部,中级,29,6,186,6,1.3,在职
10499,2018-11-12,市场部,初级,42,2,175,5,3.1,在职
10500,2022-09-10,市场部,中级,25,1,153,4,3.9,在职
10501,2022-11-04,运营部,初级,34,33,200,3,4.4,在职
10502,2023-02-19,运营部,高级,27,1,152,3,5.0,在职
10503,2021-12-03,市场部,初级,28,10,168,5,2.0,已离职
10504,2020-06-01,运营部,初级,33,3,191,5,4.5,在职
10505,2019-06-01,运营部,中级,29,24,195,4,4.1,已离职
10506,2020-03-12,研发部,中级,43,3,175,3,1.5,在职
10507,2022-07-10,研发部,中级,20,18,156,5,2.5,在职
10508,2022-09-16,研发部,专家,39,2,181,3,2.4,在职
10509,2020-01-23,人力资源部,初级,36,3,146,5,1.8,在职
10510,2019-04-15,市场部,初级,29,25,172,6,4.0,已离职
10511,2021-01-26,研发部,中级,30,11,159,3,1.9,在职
10512,2019-02-18,运营部,初级,28,5,178,5,2.4,已离职
10513,2019-01-23,研发部,初级,29,9,178,6,1.9,在职
10514,2022-11-19,运营部,初级,29,1,166,6,4.9,在职
10515,2023-01-15,运营部,中级,39,9,193,5,3.6,在职
10516,2018-12-20,运营部,初级,26,3,152,2,2.0,在职
10517,2020-06-01,运营部,中级,47,5,135,2,5.0,在职
10518,2021-01-28,研发部,中级,23,19,187,4,4.7,在职
10519,2019-10-20,研发部,初级,20,39,196,3,2.2,在职
10520,2020-05-31,运营部,初级,33,2,176,3,3.5,已离职
10521,2019-01-12,运营部,中级,30,1,163,4,2.9,在职
10522,2021-05-02,人力资源部,初级,41,21,206,5,1.0,在职
10523,2018-05-28,研发部,初级,37,16,165,2,1.9,在职
10524,2022-08-31,客服部,初级,33,8,173,5,2.6,在职
10525,2018-04-12,研发部,初级,30,16,169,3,4.4,在职
10526,2022-06-10,市场部,中级,36,14,175,6,2.9,已离职
10527,2019-09-17,研发部,中级,31,3,185,5,3.7,在职
10528,2023-01-22,研发部,高级,39,22,192,2,4.7,已离职
10529,2019-06-03,市场部,初级,31,13,169,5,4.7,在职
10530,2022-11-30,研发部,高级,31,2,163,6,4.1,已离职
10531,2022-10-19,市场部,中级,37,20,197,2,3.1,在职
10532,2022-01-22,运营部,中级,39,7,151,2,3.9,在职
10533,2023-04-22,研发部,初级,31,1,190,4,1.3,已离职
10534,2019-06-20,市场部,初级,39,6,174,6,4.3,在职
10535,2021-04-20,市场部,初级,38,3,191,6,3.2,在职
10536,2022-03-25,运营部,中级,31,25,208,2,4.2,在职
10537,2021-10-22,人力资源部,中级,32,1,169,3,1.2,在职
10538,2019-10-26,运营部,中级,33,18,151,3,5.0,在职
10539,2018-10-28,研发部,中级,36,2,190,2,3.1,在职
10540,2022-06-07,市场部,中级,27,37,206,3,4.1,在职
10541,2020-08-27,市场部,中级,40,7,184,4,3.6,在职
10542,2020-09-27,客服部,初级,35,9,195,2,2.1,在职
10543,2018-03-19,运营部,中级,17,5,164,6,3.2,在职
10544,2020-10-22,研发部,中级,31,3,191,2,2.4,已离职
10545,2021-09-20,运营部,中级,30,52,161,5,2.0,已离职
10546,2022-02-19,运营部,初级,32,1,179,2,2.2,已离职
10547,2022-04-24,客服部,中级,40,30,181,6,4.6,在职
10548,2021-11-15,人力资源部,初级,28,5,170,5,1.7,在职
10549,2019-12-18,运营部,中级,32,34,191,3,4.7,在职
10550,2020-07-15,研发部,中级,27,11,172,3,4.3,在职
10551,2020-02-11,研发部,中级,29,20,185,6,1.0,已离职
10552,2022-04-28,研发部,初级,31,1,150,3,5.0,在职
10553,2018-02-10,运营部,中级,38,12,187,3,4.7,在职
10554,2023-06-12,客服部,高级,23,15,185,4,4.1,在职
10555,2020-09-06,客服部,中级,27,9,150,4,3.3,在职
10556,2023-01-29,市场部,高级,31,7,179,3,3.8,在职
10557,2019-09-27,市场部,中级,31,22,180,5,2.9,在职
10558,2022-11-24,客服部,初级,30,14,214,3,1.9,在职
10559,2021-05-23,研发部,初级,20,5,163,6,2.2,在职
10560,2023-05-08,运营部,中级,40,15,158,6,4.3,在职
10561,2019-12-11,研发部,中级,40,18,197,5,2.3,已离职
10562,2018-07-27,研发部,高级,24,2,184,5,2.8,已离职
10563,2019-03-16,研发部,初级,28,2,173,5,2.1,在职
10564,2022-11-21,市场部,中级,38,4,211,3,4.2,在职
10565,2020-08-02,运营部,中级,39,11,165,5,1.5,在职
10566,2018-10-02,运营部,专家,32,6,167,3,2.6,在职
10567,2022-02-06,客服部,中级,30,5,178,6,4.7,在职
10568,2018-10-24,研发部,中级,29,8,193,5,2.4,在职
10569,2022-09-28,客服部,初级,31,2,205,6,2.7,在职
10570,2022-10-12,市场部,专家,37,19,169,2,3.7,在职
10571,2019-08-06,客服部,初级,27,3,138,4,5.0,在职
10572,2020-01-05,市场部,中级,26,24,174,2,1.3,在职
10573,2021-10-21,市场部,高级,38,2,158,3,3.5,在职
10574,2021-05-14,研发部,初级,38,6,155,6,3.0,在职
10575,2018-06-20,市场部,初级,30,8,159,5,3.4,在职
10576,2022-07-29,运营部,初级,32,9,182,6,4.0,在职
10577,2020-02-25,研发部,中级,35,21,161,5,3.1,已离职
10578,2019-02-17,市场部,初级,40,4,174,2,1.9,在职
10579,2018-10-08,研发部,高级,33,3,185,4,2.1,已离职
10580,2020-12-19,运营部,中级,24,37,219,6,3.1,在职
10581,2021-04-30,研发部,中级,36,20,188,4,1.0,在职
10582,2021-09-08,研发部,中级,27,13,164,4,3.4,在职
10583,2022-04-30,研发部,专家,35,31,214,4,2.6,在职
10584,2022-10-31,运营部,中级,27,61,163,3,5.0,在职
10585,2020-08-19,人力资源部,初级,26,5,182,6,4.7,在职
10586,2020-02-09,研发部,专家,25,18,151,4,1.9,在职
10587,2021-12-10,客服部,初级,36,11,165,3,3.7,在职
10588,2019-10-25,研发部,中级,31,2,201,4,1.5,在职
10589,2021-03-24,运营部,高级,25,3,185,4,1.5,在职
10590,2018-12-09,客服部,中级,36,12,159,5,4.0,在职
10591,2022-06-27,客服部,中级,25,3,191,6,1.8,已离职
10592,2018-04-10,市场部,初级,24,8,187,4,3.6,在职
10593,2023-04-28,研发部,中级,29,15,187,6,2.4,已离职
10594,2023-04-04,客服部,高级,44,18,145,2,3.9,在职
10595,2019-04-10,运营部,中级,39,2,186,3,4.5,在职
10596,2020-12-04,研发部,初级,32,3,193,4,1.0,在职
10597,2020-07-15,研发部,初级,31,26,190,4,3.9,在职
10598,2018-06-23,研发部,专家,35,4,134,2,5.0,在职
10599,2023-02-07,运营部,初级,37,7,165,3,4.7,在职
10600,2023-02-05,客服部,中级,41,9,152,5,3.6,在职
10601,2021-08-12,研发部,高级,30,5,205,3,4.0,在职
10602,2018-07-24,市场部,初级,37,16,171,2,3.9,在职
10603,2021-02-14,研发部,初级,41,3,183,5,1.6,在职
10604,2021-06-09,研发部,高级,30,8,200,4,2.6,在职
10605,2023-06-02,研发部,中级,36,1,160,3,4.1,在职
10606,2021-04-12,人力资源部,中级,30,14,148,5,5.0,在职
10607,2019-06-16,研发部,高级,26,1,154,4,1.7,已离职
10608,2018-02-21,运营部,中级,36,14,177,3,3.5,在职
10609,2018-05-08,研发部,初级,33,4,195,3,1.0,在职
10610,2020-05-04,客服部,初级,31,34,167,4,2.2,在职
10611,2021-03-02,人力资源部,中级,27,13,206,5,4.0,已离职
10612,2023-06-20,研发部,高级,37,3,215,5,2.4,在职
10613,2020-09-22,客服部,高级,25,39,217,4,3.1,已离职
10614,2019-09-13,研发部,中级,37,20,190,2,1.8,已离职
10615,2019-08-23,运营部,中级,35,20,163,3,2.0,在职
10616,2020-03-30,人力资源部,中级,37,9,165,3,4.6,在职
10617,2023-03-09,市场部,初级,30,26,186,2,3.8,已离职
10618,2023-03-18,运营部,专家,34,2,172,5,1.2,已离职
10619,2020-06-14,运营部,初级,33,17,129,3,4.9,在职
10620,2019-07-31,运营部,中级,32,7,207,4,2.2,在职
10621,2019-05-12,人力资源部,初级,30,10,158,3,5.0,在职
10622,2019-03-19,客服部,高级,28,26,188,6,1.0,已离职
10623,2021-04-21,研发部,初级,36,22,176,4,2.4,已离职
10624,2020-10-21,运营部,高级,38,5,161,2,3.1,在职
10625,2021-11-08,市场部,高级,19,20,182,3,2.2,在职
10626,2019-03-20,市场部,高级,33,34,209,2,1.0,已离职
10627,2023-06-05,市场部,初级,29,17,141,4,4.2,在职
10628,2019-09-09,运营部,中级,36,4,166,6,2.9,在职
10629,2023-05-25,客服部,初级,37,15,173,3,2.4,在职
10630,2021-09-05,研发部,中级,22,5,150,5,5.0,在职
10631,2018-12-16,市场部,初级,32,15,148,4,5.0,在职
10632,2018-12-09,研发部,初级,23,6,161,5,2.9,在职
10633,2019-03-15,市场部,初级,41,1,191,2,3.9,在职
10634,2020-10-29,客服部,中级,41,6,197,6,2.1,在职
10635,2018-05-11,运营部,中级,33,2,153,2,1.7,已离职
10636,2021-09-17,市场部,中级,22,7,227,4,2.9,在职
10637,2021-03-27,市场部,中级,39,6,184,5,1.1,在职
10638,2018-10-12,市场部,中级,38,20,150,4,2.4,在职
10639,2022-01-02,研发部,中级,32,2,159,5,3.7,在职
10640,2020-04-11,市场部,中级,38,5,174,6,3.8,在职
10641,2018-08-18,客服部,专家,25,34,188,4,1.5,已离职
10642,2023-06-16,人力资源部,中级,30,6,136,3,4.3,在职
10643,2022-03-26,研发部,专家,30,3,188,4,2.0,在职
10644,2018-08-07,研发部,高级,35,30,194,4,3.9,已离职
10645,2023-04-10,市场部,中级,34,7,194,2,2.1,已离职
10646,2020-07-05,市场部,中级,22,6,177,4,3.5,在职
10647,2022-11-05,研发部,初级,36,8,166,6,3.6,在职
10648,2019-05-25,研发部,高级,28,4,203,2,2.6,在职
10649,2023-05-29,客服部,初级,38,13,200,6,3.4,在职
10650,2019-07-23,运营部,初级,31,3,178,5,4.7,在职
10651,2020-06-02,运营部,中级,28,9,213,3,3.4,在职
10652,2018-01-18,运营部,中级,21,47,182,2,1.5,已离职
10653,2019-08-11,客服部,高级,32,3,160,5,2.9,在职
10654,2022-05-07,市场部,中级,30,23,168,5,1.5,已离职
10655,2018-10-19,市场部,中级,27,6,154,3,2.6,在职
10656,2020-11-16,运营部,高级,26,16,180,2,3.3,在职
10657,2022-05-08,研发部,初级,42,21,170,4,1.2,已离职
10658,2019-04-25,市场部,初级,29,2,206,3,2.5,在职
10659,2018-10-26,运营部,高级,26,4,173,5,3.2,在职
10660,2019-02-08,市场部,初级,24,4,217,3,2.5,在职
10661,2018-10-06,研发部,中级,26,8,165,3,5.0,在职
10662,2020-03-05,客服部,高级,25,21,185,3,4.3,已离职
10663,2020-01-11,客服部,初级,27,36,159,6,2.6,已离职
10664,2020-04-27,研发部,高级,45,22,213,3,4.3,在职
10665,2021-11-06,市场部,初级,27,17,188,4,2.1,已离职
10666,2023-05-26,市场部,初级,40,3,149,3,3.4,在职
10667,2018-11-12,人力资源部,专家,30,4,156,2,5.0,在职
10668,2023-06-01,人力资源部,中级,32,2,173,6,3.4,在职
10669,2018-03-27,市场部,专家,34,23,170,4,5.0,在职
10670,2020-09-05,人力资源部,中级,25,30,210,5,1.0,已离职
10671,2018-06-25,运营部,初级,29,21,185,6,3.0,已离职
10672,2019-05-16,研发部,中级,34,3,160,4,4.6,在职
10673,2022-11-10,运营部,初级,33,18,121,4,3.1,在职
10674,2021-08-25,客服部,中级,38,42,155,2,3.1,已离职
10675,2022-10-07,研发部,中级,24,1,208,3,2.3,已离职
10676,2018-03-14,研发部,高级,22,5,178,4,2.2,在职
10677,2019-02-01,运营部,初级,33,12,196,5,4.2,在职
10678,2020-04-26,市场部,初级,34,21,166,3,1.9,已离职
10679,2022-04-14,客服部,中级,31,1,174,3,1.4,在职
10680,2019-09-11,运营部,初级,23,26,155,5,2.7,在职
10681,2021-06-12,客服部,中级,35,3,173,6,1.4,已离职
10682,2022-11-05,研发部,高级,32,2,208,4,3.3,在职
10683,2019-11-23,研发部,中级,31,11,213,6,2.8,在职
10684,2018-02-17,客服部,初级,40,8,171,2,3.8,在职
10685,2019-10-05,市场部,高级,36,2,160,6,3.5,在职
10686,2019-10-21,市场部,初级,35,1,199,4,1.0,在职
10687,2021-10-28,客服部,初级,34,25,178,2,1.5,在职
10688,2018-09-04,运营部,初级,26,4,172,6,2.1,在职
10689,2021-07-09,客服部,初级,34,7,236,2,2.3,已离职
10690,2022-05-19,研发部,初级,31,13,200,2,1.1,在职
10691,2021-07-04,研发部,初级,29,1,145,5,3.7,在职
10692,2018-09-13,研发部,中级,36,16,182,6,1.5,在职
10693,2019-08-12,市场部,中级,29,6,180,6,3.7,已离职
10694,2021-08-20,研发部,专家,31,4,179,5,2.3,已离职
10695,2019-06-11,研发部,初级,33,2,164,4,2.4,在职
10696,2023-06-10,客服部,专家,32,8,186,5,1.7,已离职
10697,2022-12-20,研发部,中级,21,2,188,2,2.3,在职
10698,2019-02-10,运营部,初级,32,9,177,5,2.4,在职
10699,2019-04-13,研发部,中级,40,2,162,5,2.9,在职
10700,2018-08-02,市场部,初级,34,1,152,2,4.1,在职
10701,2021-10-11,市场部,高级,33,4,164,3,2.2,在职
10702,2021-08-17,运营部,中级,37,11,205,2,2.2,在职
10703,2020-08-03,研发部,初级,28,20,159,3,2.1,在职
10704,2021-01-25,客服部,初级,40,8,174,5,2.2,已离职
10705,2018-06-07,研发部,初级,45,31,168,5,3.0,已离职
10706,2020-12-23,客服部,中级,32,2,218,2,1.2,在职
10707,2020-11-13,人力资源部,高级,33,22,161,2,4.1,在职
10708,2020-02-13,客服部,中级,33,1,181,6,2.3,在职
10709,2023-01-20,研发部,高级,30,10,214,5,2.7,在职
10710,2022-05-22,市场部,初级,31,4,180,3,1.7,在职
10711,2020-02-24,市场部,初级,45,2,159,3,3.4,在职
10712,2023-04-16,研发部,专家,31,3,174,5,3.0,已离职
10713,2023-05-16,运营部,中级,16,8,195,4,4.0,在职
10714,2019-12-28,研发部,初级,34,12,158,3,4.4,在职
10715,2022-07-13,市场部,初级,28,6,183,4,1.8,在职
10716,2022-06-13,研发部,高级,25,1,179,6,3.2,在职
10717,2022-07-20,市场部,高级,39,33,169,2,1.4,在职
10718,2018-07-03,研发部,中级,36,2,209,5,1.5,已离职
10719,2022-07-14,研发部,初级,43,19,185,6,1.7,在职
10720,2018-05-02,市场部,初级,31,4,202,2,3.4,已离职
10721,2020-01-25,研发部,中级,39,2,181,2,4.4,在职
10722,2019-05-18,市场部,中级,30,7,154,5,2.0,在职
10723,2018-05-29,客服部,中级,24,28,167,5,4.5,在职
10724,2020-04-10,运营部,中级,21,7,180,3,1.3,在职
10725,2018-06-07,市场部,中级,35,12,204,2,2.4,在职
10726,2023-01-03,研发部,中级,30,2,215,5,1.5,在职
10727,2019-04-13,客服部,初级,40,6,180,5,2.5,在职
10728,2023-05-04,市场部,初级,44,13,175,3,5.0,在职
10729,2018-10-02,市场部,专家,28,13,179,2,1.9,已离职
10730,2018-01-30,研发部,中级,26,5,188,2,1.0,在职
10731,2021-06-27,客服部,初级,36,27,174,4,3.6,在职
10732,2018-05-06,客服部,中级,32,1,184,6,2.6,在职
10733,2021-12-29,研发部,中级,39,6,182,2,3.2,已离职
10734,2021-06-24,研发部,中级,30,2,134,5,4.7,在职
10735,2022-01-20,市场部,中级,40,2,184,3,1.5,已离职
10736,2019-06-19,市场部,高级,28,4,190,5,3.7,在职
10737,2021-07-23,运营部,高级,29,1,186,6,4.3,在职
10738,2022-10-19,客服部,中级,30,34,172,6,5.0,在职
10739,2019-06-16,运营部,初级,23,2,188,4,1.0,在职
10740,2020-12-24,运营部,中级,26,46,185,4,4.6,在职
10741,2021-11-02,市场部,中级,43,1,200,3,4.1,已离职
10742,2022-02-10,人力资源部,高级,40,1,199,6,2.8,在职
10743,2021-11-30,研发部,初级,34,35,156,2,4.8,在职
10744,2023-02-15,市场部,高级,31,4,168,2,4.3,在职
10745,2018-08-17,运营部,初级,36,4,160,5,4.4,在职
10746,2022-09-25,客服部,初级,38,3,171,4,4.6,在职
10747,2020-10-31,运营部,初级,31,12,186,3,3.1,已离职
10748,2020-01-31,运营部,高级,41,3,153,6,2.4,在职
10749,2021-05-03,市场部,初级,27,4,193,4,2.3,已离职
10750,2021-03-16,研发部,初级,37,13,192,5,3.0,在职
10751,2018-08-29,客服部,初级,33,10,175,5,3.5,在职
10752,2020-08-04,人力资源部,中级,33,4,201,4,1.3,已离职
10753,2022-04-30,市场部,中级,39,34,181,5,2.4,在职
10754,2022-11-04,市场部,中级,27,18,161,5,2.5,在职
10755,2020-09-23,市场部,初级,33,1,193,2,2.2,在职
10756,2020-11-05,客服部,专家,35,9,183,6,3.0,在职
10757,2020-07-19,运营部,初级,29,3,201,2,1.0,已离职
10758,2022-01-05,研发部,初级,34,33,181,4,1.5,已离职
10759,2020-11-21,运营部,中级,34,39,191,3,1.4,在职
10760,2021-10-31,研发部,专家,33,4,172,2,4.2,在职
10761,2021-02-01,市场部,初级,32,5,230,4,1.0,在职
10762,2018-03-22,研发部,中级,35,6,174,5,3.5,已离职
10763,2021-06-17,市场部,初级,28,7,158,6,3.6,在职
10764,2020-10-22,客服部,专家,19,2,201,3,1.4,在职
10765,2023-01-12,客服部,高级,34,14,184,4,2.5,在职
10766,2019-08-21,人力资源部,初级,23,14,191,4,2.1,在职
10767,2019-06-19,市场部,初级,29,4,160,6,5.0,已离职
10768,2022-09-06,客服部,中级,33,5,148,2,4.6,在职
10769,2019-04-16,运营部,初级,28,1,196,3,3.4,在职
10770,2022-10-16,市场部,中级,31,5,186,6,2.5,在职
10771,2018-03-25,市场部,高级,32,7,218,3,3.2,在职
10772,2019-09-11,运营部,初级,38,5,172,5,5.0,在职
10773,2021-10-06,运营部,中级,21,10,186,3,1.1,在职
10774,2019-01-16,研发部,初级,30,5,208,4,3.7,在职
10775,2021-01-14,运营部,初级,27,12,175,5,4.2,在职
10776,2022-07-31,运营部,初级,36,15,142,6,4.5,在职
10777,2021-05-23,运营部,中级,28,33,165,4,3.2,在职
10778,2018-10-07,研发部,初级,26,11,198,2,4.5,在职
10779,2021-02-22,市场部,高级,28,13,162,3,4.6,在职
10780,2021-01-05,市场部,中级,36,1,200,5,2.1,在职
10781,2020-12-12,运营部,初级,35,18,218,4,1.6,已离职
10782,2019-01-02,市场部,专家,39,3,165,3,1.5,已离职
10783,2021-08-13,市场部,初级,35,14,194,6,4.0,在职
10784,2018-09-04,客服部,初级,27,19,162,4,3.9,在职
10785,2021-11-11,市场部,高级,25,5,167,5,3.5,已离职
10786,2022-07-04,市场部,初级,32,2,206,3,2.3,在职
10787,2018-02-17,运营部,中级,36,4,205,5,3.2,在职
10788,2021-01-09,市场部,中级,32,2,208,3,3.3,在职
10789,2019-04-13,客服部,专家,32,1,157,3,4.5,在职
10790,2018-09-13,研发部,中级,33,5,178,6,3.8,在职
10791,2021-06-22,市场部,初级,30,6,181,3,2.8,已离职
10792,2022-05-09,研发部,专家,35,7,150,3,2.6,在职
10793,2021-02-08,运营部,高级,27,11,194,3,2.5,在职
10794,2021-11-14,客服部,中级,28,22,168,6,2.0,已离职
10795,2019-09-08,客服部,初级,40,1,153,6,2.3,在职
10796,2021-06-18,人力资源部,高级,28,9,152,4,4.6,已离职
10797,2020-09-03,客服部,初级,35,9,171,4,2.2,在职
10798,2021-05-29,运营部,初级,36,6,185,4,2.9,在职
10799,2022-10-02,市场部,中级,27,18,156,3,4.8,已离职
10800,2023-05-02,研发部,初级,26,12,199,3,2.3,在职
10801,2018-07-15,市场部,高级,30,12,204,6,1.3,已离职
10802,2020-10-09,人力资源部,初级,29,9,180,2,1.6,在职
10803,2019-01-12,市场部,高级,40,1,191,3,3.1,在职
10804,2018-03-10,研发部,高级,17,7,180,5,3.9,在职
10805,2021-11-25,运营部,初级,27,1,182,5,1.7,在职
10806,2019-04-11,运营部,初级,27,5,152,6,5.0,在职
10807,2023-05-18,研发部,高级,28,18,149,6,4.0,在职
10808,2023-02-04,客服部,中级,29,9,170,2,4.1,在职
10809,2021-11-17,研发部,专家,35,7,192,3,3.6,在职
10810,2018-02-15,人力资源部,高级,37,40,178,2,3.3,已离职
10811,2018-04-10,客服部,初级,21,11,158,6,3.2,在职
10812,2022-02-08,研发部,初级,33,9,199,3,1.8,在职
10813,2022-11-05,运营部,初级,32,37,163,5,2.3,已离职
10814,2019-12-03,运营部,初级,27,1,174,6,2.3,已离职
10815,2023-02-01,运营部,中级,38,1,168,4,2.8,在职
10816,2021-08-17,研发部,初级,31,7,207,3,3.4,在职
10817,2018-08-24,研发部,中级,37,3,150,4,4.4,在职
10818,2018-02-24,研发部,初级,30,7,207,3,1.0,在职
10819,2022-07-23,市场部,高级,28,7,181,6,2.1,已离职
10820,2019-08-03,市场部,中级,32,3,178,4,1.4,在职
10821,2022-03-23,研发部,中级,38,17,181,2,3.9,在职
10822,2020-12-24,市场部,中级,28,2,178,5,4.1,在职
10823,2019-09-21,客服部,高级,24,9,205,5,3.9,在职
10824,2020-03-19,研发部,初级,25,6,179,6,2.6,在职
10825,2021-06-19,研发部,中级,45,13,191,2,2.5,在职
10826,2021-06-19,研发部,高级,32,4,180,2,4.3,在职
10827,2021-05-20,客服部,初级,33,8,143,5,2.0,在职
10828,2018-08-25,研发部,中级,27,5,199,3,1.9,已离职
10829,2019-02-14,客服部,中级,27,2,169,3,2.0,在职
10830,2020-06-12,市场部,中级,41,6,163,2,4.2,在职
10831,2023-02-10,客服部,中级,48,4,175,2,3.2,在职
10832,2020-08-09,市场部,高级,27,1,192,4,4.3,在职
10833,2021-02-19,市场部,高级,35,30,188,6,4.3,在职
10834,2020-06-25,市场部,初级,25,8,174,4,1.2,在职
10835,2020-03-10,研发部,高级,28,3,165,4,3.3,在职
10836,2019-08-12,研发部,中级,36,15,186,6,3.7,在职
10837,2021-03-11,研发部,初级,29,13,184,3,2.3,已离职
10838,2023-03-12,市场部,高级,31,16,183,4,4.3,已离职
10839,2019-10-26,市场部,中级,39,15,157,5,3.6,在职
10840,2019-07-30,市场部,初级,31,11,169,2,3.0,在职
10841,2019-02-22,运营部,中级,28,9,183,2,1.0,在职
10842,2022-10-26,研发部,中级,39,8,207,5,2.0,在职
10843,2020-09-07,市场部,中级,34,4,200,6,4.4,在职
10844,2023-06-04,市场部,中级,30,7,152,2,2.6,在职
10845,2021-05-21,客服部,初级,28,1,172,5,3.3,已离职
10846,2022-08-16,研发部,初级,30,2,176,2,1.4,在职
10847,2022-01-09,研发部,专家,17,3,194,2,4.0,在职
10848,2019-03-08,研发部,中级,31,11,187,5,2.6,在职
10849,2021-05-08,人力资源部,中级,25,24,159,5,3.8,在职
10850,2020-05-09,人力资源部,中级,30,12,188,2,1.7,在职
10851,2019-03-25,运营部,中级,21,25,194,4,3.2,在职
10852,2020-05-28,市场部,中级,29,28,188,4,2.5,在职
10853,2022-08-06,运营部,高级,22,16,203,2,1.6,在职
10854,2022-04-08,人力资源部,初级,38,7,180,6,3.2,在职
10855,2019-07-30,运营部,高级,35,12,185,3,3.3,在职
10856,2022-07-11,市场部,初级,34,7,202,2,4.0,已离职
10857,2021-11-25,运营部,初级,37,10,220,4,3.4,在职
10858,2019-04-19,研发部,中级,37,15,189,3,3.8,在职
10859,2023-05-08,运营部,中级,34,8,176,2,3.7,在职
10860,2019-03-21,客服部,中级,38,3,202,5,3.5,在职
10861,2019-10-13,人力资源部,中级,26,5,201,5,2.8,已离职
10862,2021-08-26,研发部,中级,27,3,207,2,4.5,在职
10863,2018-09-02,市场部,初级,23,3,207,4,1.4,在职
10864,2022-05-14,市场部,高级,38,10,168,2,3.0,在职
10865,2018-01-30,研发部,初级,28,2,184,5,3.6,在职
10866,2018-11-25,客服部,初级,27,9,179,6,3.9,在职
10867,2018-11-22,研发部,初级,39,2,200,2,2.7,在职
10868,2023-03-11,运营部,专家,24,7,193,5,1.4,在职
10869,2018-12-28,研发部,中级,38,9,172,5,1.5,在职
10870,2021-06-02,运营部,中级,29,5,179,6,1.6,在职
10871,2018-11-25,市场部,初级,23,7,209,5,1.0,在职
10872,2020-10-27,客服部,高级,33,10,196,2,4.3,在职
10873,2018-02-13,市场部,中级,37,6,200,5,1.6,已离职
10874,2023-06-20,运营部,初级,33,8,180,3,3.7,在职
10875,2018-11-12,人力资源部,初级,26,43,183,5,3.4,在职
10876,2020-08-10,研发部,中级,29,17,196,6,2.9,在职
10877,2023-02-10,运营部,初级,36,8,197,4,1.0,在职
10878,2021-06-18,研发部,中级,35,1,152,3,1.8,已离职
10879,2019-05-16,市场部,中级,38,2,205,3,3.6,在职
10880,2022-06-07,研发部,初级,21,13,174,5,3.9,在职
10881,2018-08-07,客服部,初级,29,6,176,4,4.6,在职
10882,2019-06-01,客服部,中级,27,6,174,3,4.2,在职
10883,2018-04-23,研发部,初级,32,13,183,3,1.1,在职
10884,2019-02-16,运营部,中级,28,11,156,4,3.7,在职
10885,2019-07-31,市场部,中级,38,48,161,5,2.5,在职
10886,2021-04-24,运营部,高级,29,2,193,6,3.9,在职
10887,2018-01-07,运营部,高级,28,26,174,6,1.3,在职
10888,2022-02-22,研发部,初级,32,4,225,2,3.6,在职
10889,2021-02-01,客服部,初级,29,4,192,5,4.1,在职
10890,2021-07-15,研发部,中级,35,1,180,6,2.7,在职
10891,2019-11-30,客服部,中级,30,14,199,2,2.2,在职
10892,2022-06-04,研发部,初级,40,13,168,2,1.5,已离职
10893,2018-10-14,运营部,初级,27,18,208,5,2.9,在职
10894,2022-07-22,市场部,初级,32,3,160,5,5.0,在职
10895,2022-01-16,研发部,中级,20,2,197,2,4.5,已离职
10896,2021-06-16,市场部,初级,31,1,170,4,3.9,在职
10897,2018-11-03,研发部,中级,26,1,191,4,1.7,已离职
10898,2023-04-16,人力资源部,初级,33,4,197,4,3.9,在职
10899,2019-01-06,市场部,高级,31,7,187,5,2.4,已离职
10900,2023-01-04,运营部,初级,31,14,175,5,3.1,在职
10901,2021-04-12,客服部,初级,32,4,188,3,2.1,在职
10902,2022-11-26,运营部,高级,28,6,185,4,1.6,在职
10903,2018-11-01,运营部,中级,25,1,166,4,3.8,在职
10904,2021-05-30,市场部,高级,23,1,175,4,3.2,在职
10905,2020-11-19,研发部,高级,19,8,195,6,3.2,在职
10906,2018-08-06,客服部,初级,39,15,196,5,3.0,在职
10907,2022-05-01,市场部,高级,41,35,162,2,4.9,在职
10908,2019-12-03,研发部,专家,34,36,173,3,4.8,在职
10909,2019-12-18,市场部,初级,39,1,175,6,5.0,在职
10910,2022-03-25,人力资源部,中级,35,3,176,2,3.3,已离职
10911,2022-06-23,运营部,中级,23,3,204,5,2.8,在职
10912,2018-02-23,研发部,中级,34,12,157,5,5.0,在职
10913,2021-01-02,研发部,中级,24,10,207,4,3.7,在职
10914,2022-08-24,研发部,中级,36,5,205,3,2.8,已离职
10915,2019-08-01,市场部,初级,28,9,170,4,3.0,在职
10916,2022-01-28,客服部,中级,28,5,208,6,2.6,在职
10917,2018-09-09,市场部,初级,29,21,196,2,3.0,在职
10918,2022-04-26,市场部,高级,31,6,191,3,2.5,在职
10919,2022-02-05,研发部,中级,21,6,200,2,1.7,在职
10920,2021-07-31,研发部,高级,27,8,163,2,2.2,已离职
10921,2018-01-13,运营部,中级,40,8,200,6,2.2,在职
10922,2022-06-28,运营部,高级,31,7,178,2,3.6,在职
10923,2022-01-20,研发部,初级,24,11,182,4,2.5,已离职
10924,2020-03-10,研发部,中级,26,7,196,3,4.6,在职
10925,2020-08-28,研发部,中级,29,25,209,6,3.9,在职
10926,2020-05-09,研发部,中级,38,8,174,3,4.8,在职
10927,2018-11-21,市场部,高级,35,1,184,3,3.9,在职
10928,2022-12-11,研发部,中级,34,15,174,2,3.5,在职
10929,2020-02-15,研发部,初级,39,29,149,2,3.2,在职
10930,2021-04-06,客服部,初级,38,7,169,2,1.6,在职
10931,2019-03-18,市场部,初级,31,15,200,4,4.3,在职
10932,2021-08-14,研发部,中级,35,8,196,6,1.0,已离职
10933,2022-02-08,市场部,初级,33,17,155,3,2.1,在职
10934,2023-04-18,运营部,中级,27,15,182,5,1.3,在职
10935,2023-05-19,研发部,初级,31,8,210,5,3.9,在职
10936,2020-07-17,客服部,中级,28,23,180,4,3.7,在职
10937,2020-05-02,市场部,中级,27,17,187,6,3.6,在职
10938,2018-12-09,客服部,专家,41,8,176,5,3.6,在职
10939,2019-05-09,客服部,中级,38,7,153,3,5.0,在职
10940,2021-06-25,市场部,中级,35,21,189,3,1.2,在职
10941,2020-01-23,研发部,专家,19,13,203,3,3.9,在职
10942,2019-11-29,市场部,初级,35,30,202,3,1.0,已离职
10943,2022-01-13,研发部,中级,26,5,189,3,3.9,在职
10944,2019-11-07,研发部,高级,25,3,164,6,2.2,在职
10945,2020-07-24,市场部,中级,25,6,168,6,4.4,在职
10946,2023-04-07,研发部,中级,45,4,165,4,2.8,已离职
10947,2019-01-21,运营部,中级,41,12,142,5,5.0,在职
10948,2018-09-23,运营部,中级,17,19,172,5,3.0,在职
10949,2020-02-03,研发部,初级,21,3,187,2,1.8,在职
10950,2019-02-12,市场部,中级,29,10,172,2,4.4,在职
10951,2020-09-15,市场部,中级,33,10,178,4,4.7,在职
10952,2020-06-02,市场部,初级,30,11,199,3,1.0,已离职
10953,2022-09-16,市场部,中级,24,3,183,3,3.0,在职
10954,2022-03-04,运营部,中级,33,3,186,3,4.5,在职
10955,2018-05-19,研发部,高级,34,4,204,3,4.0,已离职
10956,2019-04-06,研发部,初级,37,7,184,5,1.7,在职
10957,2020-03-16,研发部,初级,17,2,218,5,1.0,在职
10958,2018-10-29,人力资源部,初级,31,31,164,4,2.6,在职
10959,2022-09-27,研发部,高级,24,17,180,6,5.0,在职
10960,2018-11-12,研发部,中级,39,4,203,2,1.3,已离职
10961,2020-07-31,市场部,初级,32,6,218,6,1.5,在职
10962,2020-01-10,市场部,初级,29,9,189,5,1.4,在职
10963,2019-06-23,市场部,中级,24,18,194,3,2.1,在职
10964,2018-04-12,研发部,专家,36,7,162,2,2.2,在职
10965,2018-05-15,研发部,中级,33,10,184,5,1.4,已离职
10966,2020-08-11,客服部,高级,36,9,193,6,3.1,在职
10967,2018-06-02,运营部,中级,20,11,199,6,2.7,在职
10968,2022-01-27,客服部,中级,19,9,161,3,4.0,在职
10969,2019-06-14,客服部,高级,33,16,158,3,1.9,在职
10970,2020-11-19,市场部,初级,36,3,161,6,3.9,在职
10971,2020-07-20,运营部,中级,35,5,204,5,1.2,在职
10972,2018-03-13,市场部,初级,43,9,170,2,3.1,在职
10973,2018-06-20,市场部,中级,29,3,179,4,1.0,已离职
10974,2020-07-17,运营部,初级,25,4,185,4,3.0,在职
10975,2018-11-09,市场部,初级,30,3,170,6,2.7,已离职
10976,2021-07-29,研发部,初级,39,22,161,5,5.0,已离职
10977,2019-05-24,市场部,高级,32,2,149,4,5.0,在职
10978,2018-01-04,运营部,中级,35,9,176,2,3.7,在职
10979,2021-05-27,市场部,中级,37,2,160,4,1.6,在职
10980,2023-03-02,研发部,初级,25,10,187,3,4.5,在职
10981,2020-01-22,市场部,初级,35,12,191,6,2.2,已离职
10982,2018-01-12,研发部,初级,24,35,174,4,4.3,在职
10983,2022-10-07,研发部,高级,21,8,176,5,4.6,在职
10984,2019-10-05,研发部,高级,23,7,198,2,2.6,在职
10985,2021-03-10,运营部,专家,21,1,239,5,1.6,在职
10986,2021-12-19,市场部,专家,16,14,180,5,1.6,在职
10987,2021-12-10,市场部,初级,31,10,183,4,2.0,在职
10988,2019-05-21,研发部,初级,35,1,205,4,1.0,在职
10989,2022-12-19,研发部,初级,37,2,143,3,2.5,已离职
10990,2021-08-14,市场部,专家,37,1,170,3,4.1,在职
10991,2022-03-23,市场部,初级,24,1,134,2,3.0,在职
10992,2022-03-13,研发部,初级,34,3,179,6,1.0,已离职
10993,2020-12-13,研发部,高级,38,9,215,3,1.0,已离职
10994,2019-12-10,研发部,中级,20,16,150,6,4.7,在职
10995,2018-12-30,研发部,中级,37,14,177,2,4.4,已离职
10996,2023-02-27,研发部,高级,21,8,133,2,3.9,在职
10997,2022-02-01,市场部,初级,33,5,223,2,1.7,在职
10998,2022-10-14,研发部,中级,22,7,196,2,1.6,已离职
10999,2020-09-06,研发部,初级,43,25,169,2,1.2,在职
11000,2018-06-12,客服部,高级,30,15,178,5,2.2,在职
11001,2021-02-26,人力资源部,中级,21,35,159,3,1.7,已离职
11002,2020-06-30,客服部,专家,36,1,171,4,3.8,已离职
11003,2018-10-13,运营部,初级,26,8,193,2,1.0,在职
11004,2018-09-24,研发部,中级,38,5,155,6,2.1,在职
11005,2020-03-14,市场部,初级,39,25,202,2,3.8,已离职
11006,2019-01-10,运营部,初级,34,7,165,6,2.1,在职
11007,2023-03-21,研发部,高级,22,10,157,2,4.4,在职
11008,2022-03-27,客服部,中级,26,2,187,3,2.4,已离职
11009,2021-05-18,市场部,初级,29,1,166,2,4.6,在职
11010,2018-11-29,市场部,中级,24,8,205,6,3.3,在职
11011,2022-08-27,研发部,中级,40,16,184,3,2.5,在职
11012,2021-08-05,研发部,初级,32,12,194,3,2.1,已离职
11013,2019-05-02,研发部,初级,29,33,179,2,1.4,在职
11014,2019-08-07,运营部,初级,32,15,178,6,2.3,在职
11015,2019-06-03,客服部,初级,26,10,168,6,4.2,已离职
11016,2018-06-28,人力资源部,初级,32,19,193,4,4.0,在职
11017,2018-05-27,市场部,中级,37,1,173,6,5.0,在职
11018,2023-04-07,客服部,初级,32,13,182,5,4.8,在职
11019,2019-04-18,研发部,高级,38,1,175,6,2.6,在职
11020,2022-12-27,人力资源部,中级,36,18,198,4,1.8,在职
11021,2021-08-20,运营部,初级,33,6,173,3,1.3,在职
11022,2018-10-13,运营部,初级,35,12,175,3,2.3,在职
11023,2022-07-14,市场部,高级,18,6,197,2,1.6,在职
11024,2019-07-02,市场部,中级,46,1,207,6,1.5,已离职
11025,2021-07-13,运营部,高级,22,1,160,2,1.7,在职
11026,2018-07-23,市场部,中级,27,6,195,6,2.7,在职
11027,2022-09-09,人力资源部,中级,25,22,193,5,4.3,在职
11028,2022-03-14,研发部,初级,42,18,199,4,2.9,在职
11029,2019-09-23,研发部,高级,30,4,180,6,2.4,在职
11030,2021-11-24,客服部,中级,41,3,167,3,1.6,在职
11031,2020-09-06,运营部,中级,30,16,172,3,3.1,在职
11032,2023-06-11,研发部,初级,34,7,167,2,4.3,在职
11033,2022-08-08,人力资源部,高级,35,11,173,4,2.4,已离职
11034,2020-02-16,客服部,专家,29,8,220,6,1.6,已离职
11035,2018-01-05,运营部,初级,32,3,160,6,2.7,在职
11036,2021-02-08,市场部,初级,33,3,192,5,1.3,在职
11037,2022-04-21,市场部,初级,41,4,188,6,4.8,在职
11038,2021-01-10,研发部,专家,28,4,166,2,3.7,在职
11039,2020-11-03,研发部,中级,41,4,175,4,4.8,在职
11040,2018-03-31,客服部,初级,25,1,148,4,4.0,在职
11041,2019-08-06,研发部,中级,32,20,203,3,1.2,在职
11042,2018-11-02,运营部,中级,37,4,176,4,2.5,在职
11043,2021-03-22,研发部,初级,23,28,192,2,2.0,在职
11044,2018-11-05,客服部,初级,27,2,196,3,1.2,在职
11045,2021-01-16,客服部,初级,20,7,187,5,4.1,在职
11046,2020-09-26,市场部,专家,33,8,193,4,4.3,在职
11047,2019-06-21,研发部,中级,29,21,205,4,3.5,在职
11048,2019-03-24,运营部,中级,22,3,205,4,3.8,在职
11049,2019-07-26,研发部,中级,23,24,165,3,4.1,在职
11050,2020-02-26,研发部,高级,37,6,149,6,3.5,在职
11051,2021-07-14,市场部,初级,30,2,202,2,2.2,在职
11052,2023-01-11,运营部,初级,29,16,179,3,2.1,已离职
11053,2018-07-03,市场部,初级,39,12,219,5,2.3,在职
11054,2021-05-03,研发部,中级,37,26,186,3,1.2,已离职
11055,2021-08-08,人力资源部,初级,37,14,174,5,3.4,在职
11056,2020-08-03,人力资源部,初级,31,5,176,3,3.2,在职
11057,2019-07-12,运营部,中级,25,15,154,6,5.0,在职
11058,2018-10-15,市场部,中级,33,7,175,3,4.3,在职
11059,2019-02-27,市场部,高级,32,33,136,4,3.6,在职
11060,2018-01-21,客服部,中级,21,53,192,3,1.0,已离职
11061,2019-11-15,市场部,中级,28,21,192,5,1.5,已离职
11062,2020-10-01,研发部,高级,43,3,188,5,4.5,在职
11063,2019-11-23,运营部,中级,39,2,190,5,1.3,在职
11064,2022-11-18,市场部,中级,22,8,199,4,1.2,已离职
11065,2022-07-24,运营部,初级,30,3,185,5,4.3,在职
11066,2022-10-05,研发部,专家,22,5,170,3,4.2,已离职
11067,2020-03-19,市场部,初级,30,3,174,6,2.4,在职
11068,2020-11-21,客服部,中级,26,4,148,2,1.8,已离职
11069,2021-10-24,运营部,中级,26,11,166,2,4.9,在职
11070,2023-02-02,运营部,初级,28,1,177,2,3.1,在职
11071,2019-02-12,客服部,高级,26,6,195,5,3.2,在职
11072,2021-02-22,市场部,中级,26,3,209,5,1.8,在职
11073,2019-07-10,研发部,中级,40,53,161,2,2.1,已离职
11074,2020-02-17,研发部,中级,28,1,192,3,3.5,在职
11075,2019-08-16,研发部,初级,35,6,186,4,4.6,在职
11076,2020-07-05,运营部,初级,27,2,178,3,1.4,在职
11077,2018-06-01,市场部,中级,41,8,172,5,4.1,在职
11078,2023-02-10,运营部,初级,30,1,196,5,3.7,在职
11079,2019-01-29,研发部,中级,41,7,186,5,2.3,在职
11080,2021-04-19,客服部,中级,20,2,219,4,4.0,在职
11081,2020-04-23,研发部,初级,27,9,202,6,3.1,在职
11082,2020-06-04,客服部,中级,35,4,181,4,4.3,在职
11083,2021-06-09,研发部,中级,37,3,153,2,3.8,在职
11084,2020-02-27,客服部,中级,35,25,183,6,1.8,在职
11085,2022-07-04,运营部,中级,26,18,205,4,2.9,在职
11086,2019-02-27,市场部,初级,34,10,210,2,4.4,在职
11087,2021-11-08,人力资源部,初级,34,8,181,6,1.5,已离职
11088,2019-07-13,研发部,初级,27,4,194,6,2.1,在职
11089,2023-05-05,市场部,高级,29,2,156,2,2.5,在职
11090,2021-05-11,运营部,初级,38,6,191,2,3.0,在职
11091,2021-03-20,研发部,中级,24,8,191,6,3.2,已离职
11092,2020-06-27,市场部,中级,32,2,176,5,2.6,在职
11093,2020-08-20,市场部,初级,36,3,207,5,2.2,已离职
11094,2022-09-09,研发部,初级,19,2,180,2,4.2,在职
11095,2020-03-19,客服部,初级,40,5,166,6,1.8,已离职
11096,2022-10-27,研发部,初级,34,28,178,5,2.6,在职
11097,2019-04-02,市场部,中级,36,19,187,4,1.0,在职
11098,2023-06-11,市场部,初级,24,4,178,2,1.2,已离职
11099,2018-05-09,运营部,高级,13,19,193,3,3.7,在职
11100,2020-08-15,研发部,初级,27,7,176,2,4.3,在职
11101,2022-09-09,运营部,高级,35,4,189,2,1.0,在职
11102,2018-01-31,客服部,中级,37,9,164,2,2.0,已离职
11103,2020-08-14,市场部,中级,35,14,185,3,2.0,在职
11104,2023-02-22,市场部,高级,40,3,159,3,2.3,在职
11105,2020-04-04,研发部,中级,34,8,163,2,1.9,在职
11106,2023-01-04,研发部,初级,38,5,189,2,1.5,在职
11107,2018-08-02,市场部,初级,40,4,197,4,3.3,在职
11108,2018-01-02,人力资源部,高级,32,26,215,3,3.7,在职
11109,2023-05-08,研发部,中级,39,10,184,6,1.4,在职
11110,2020-11-27,研发部,高级,33,3,221,5,2.3,已离职
11111,2023-05-28,研发部,初级,34,7,188,4,3.9,在职
11112,2023-03-20,运营部,初级,37,3,165,6,2.2,在职
11113,2023-05-19,研发部,中级,32,15,177,5,4.5,在职
11114,2019-09-03,研发部,高级,40,10,202,2,4.1,在职
11115,2021-07-27,研发部,初级,30,48,178,4,1.7,已离职
11116,2020-08-16,研发部,初级,31,10,150,5,5.0,已离职
11117,2018-08-11,客服部,高级,29,20,205,3,2.0,在职
11118,2020-06-01,客服部,高级,20,10,175,3,2.5,在职
11119,2023-06-03,研发部,高级,36,2,200,4,3.6,在职
11120,2021-08-27,人力资源部,初级,14,9,177,2,3.1,在职
11121,2020-12-24,市场部,中级,33,6,180,3,3.6,在职
11122,2023-06-05,运营部,中级,32,18,199,4,1.0,在职
11123,2022-07-12,运营部,中级,28,2,179,2,1.4,已离职
11124,2020-03-27,运营部,中级,28,1,172,3,4.2,在职
11125,2020-08-25,研发部,中级,36,9,139,3,4.7,在职
11126,2021-07-11,客服部,中级,29,8,146,5,4.5,在职
11127,2022-03-08,客服部,初级,39,15,193,5,1.0,已离职
11128,2022-06-22,研发部,中级,31,20,203,5,3.8,在职
11129,2019-07-15,市场部,专家,36,21,208,4,1.0,已离职
11130,2018-11-06,运营部,中级,39,32,177,5,2.7,在职
11131,2023-03-23,客服部,中级,36,1,182,2,1.4,已离职
11132,2021-09-24,客服部,高级,33,15,173,6,4.7,在职
11133,2021-02-21,市场部,专家,36,7,175,6,2.6,在职
11134,2019-01-22,客服部,专家,32,2,208,6,4.1,在职
11135,2023-03-28,人力资源部,初级,29,2,165,3,2.4,已离职
11136,2021-06-19,运营部,初级,43,38,158,2,4.5,在职
11137,2021-06-19,研发部,中级,33,8,203,6,3.5,在职
11138,2020-04-13,市场部,中级,35,10,170,3,4.8,在职
11139,2018-11-04,研发部,中级,30,17,193,4,2.3,已离职
11140,2022-05-05,市场部,中级,28,3,195,6,1.6,在职
11141,2022-11-07,客服部,初级,25,22,147,6,3.3,在职
11142,2023-03-04,研发部,初级,27,7,235,3,3.5,在职
11143,2023-02-21,运营部,中级,39,13,153,6,5.0,在职
11144,2022-07-05,客服部,初级,27,8,162,4,5.0,已离职
11145,2020-01-30,人力资源部,专家,31,3,172,5,4.8,在职
11146,2022-05-14,研发部,中级,36,9,185,2,2.0,在职
11147,2018-01-11,客服部,初级,35,3,182,4,1.5,在职
11148,2019-08-08,研发部,中级,39,14,186,4,2.9,在职
11149,2021-12-26,市场部,中级,33,4,177,4,3.7,在职
11150,2021-06-18,研发部,高级,31,8,203,2,2.9,在职
11151,2020-07-23,研发部,初级,33,6,235,2,3.0,在职
11152,2018-08-05,运营部,高级,29,10,162,3,2.4,在职
11153,2021-01-17,市场部,初级,37,6,176,3,2.8,在职
11154,2023-06-09,客服部,中级,31,6,190,4,2.4,已离职
11155,2021-07-28,研发部,高级,28,6,206,3,2.2,已离职
11156,2020-05-13,人力资源部,中级,23,10,204,3,3.1,在职
11157,2022-02-18,运营部,中级,24,3,211,2,1.5,在职
11158,2018-08-17,人力资源部,初级,35,6,149,2,2.6,在职
11159,2019-09-09,市场部,初级,41,1,207,6,3.8,在职
11160,2023-05-21,市场部,中级,25,2,208,3,3.8,在职
11161,2021-01-04,市场部,初级,27,5,183,2,2.6,在职
11162,2018-10-19,运营部,中级,32,1,198,5,4.2,在职
11163,2021-01-24,研发部,初级,38,5,147,6,4.5,在职
11164,2021-10-12,客服部,初级,28,33,190,4,3.4,在职
11165,2023-03-05,研发部,初级,35,5,198,6,3.0,在职
11166,2018-10-05,客服部,高级,19,6,161,5,2.0,在职
11167,2019-02-17,市场部,初级,35,8,180,2,4.5,在职
11168,2022-08-10,研发部,初级,35,34,184,2,2.8,在职
11169,2019-03-31,客服部,高级,26,16,149,3,3.7,在职
11170,2018-08-16,客服部,初级,25,3,161,4,4.7,在职
11171,2022-10-26,市场部,中级,33,1,204,6,3.9,在职
11172,2022-12-04,研发部,初级,24,1,135,5,4.5,已离职
11173,2020-05-21,运营部,初级,34,8,168,5,2.4,已离职
11174,2020-09-04,研发部,高级,27,2,187,6,1.0,在职
11175,2021-01-18,运营部,专家,28,3,166,3,2.4,在职
11176,2022-03-13,运营部,初级,38,2,174,3,2.7,在职
11177,2020-01-09,研发部,初级,31,10,174,3,2.6,在职
11178,2023-03-25,运营部,高级,34,10,209,5,1.0,在职
11179,2020-04-20,市场部,初级,25,6,168,3,2.7,在职
11180,2021-08-10,研发部,中级,31,1,183,3,3.1,在职
11181,2022-11-03,运营部,初级,39,5,170,2,4.8,在职
11182,2019-04-30,研发部,中级,36,2,201,4,1.2,已离职
11183,2018-06-17,运营部,中级,24,28,184,4,3.2,在职
11184,2020-01-12,研发部,专家,37,17,168,3,4.6,在职
11185,2020-08-31,运营部,中级,30,1,176,4,2.7,已离职
11186,2023-04-05,研发部,初级,33,8,199,5,1.9,已离职
11187,2018-06-27,研发部,初级,29,18,175,6,4.4,在职
11188,2023-03-15,客服部,中级,40,8,169,3,3.4,在职
11189,2018-06-30,运营部,初级,19,7,184,5,3.2,在职
11190,2021-10-05,研发部,初级,32,19,188,6,4.0,在职
11191,2019-07-27,市场部,中级,37,4,205,4,4.1,在职
11192,2018-05-29,市场部,中级,36,27,199,4,1.0,在职
11193,2021-07-24,运营部,高级,20,9,213,5,3.7,在职
11194,2018-07-20,市场部,中级,36,2,151,6,5.0,已离职
11195,2018-02-20,运营部,中级,34,4,198,4,1.0,在职
11196,2022-02-18,研发部,中级,43,3,189,4,1.0,在职
11197,2021-03-22,研发部,初级,31,5,189,2,3.2,在职
11198,2019-07-22,运营部,中级,22,2,198,3,1.1,在职
11199,2020-06-26,运营部,初级,45,4,189,2,2.5,在职
11200,2022-10-01,市场部,初级,35,1,151,5,3.8,在职
